{
"type": "FeatureCollection",
"name": "lagos_lgas",
"crs": { "type": "name", "properties": { "name": "urn:ogc:def:crs:OGC:1.3:CRS84" } },
"features": [
{ "type": "Feature", "properties": { "admin2Name": "Surulere" }, "geometry": { "type": "Polygon", "coordinates": [ [ [ 4.527365324050493, 8.076054432765886 ], [ 4.505629061831769, 8.091958999808071 ], [ 4.504320097694404, 8.095187867226343 ], [ 4.495437144009031, 8.117099761644738 ], [ 4.494964123095826, 8.122775078207326 ], [ 4.494078157780791, 8.13340663860555 ], [ 4.494078157780791, 8.147190452277584 ], [ 4.494078157780791, 8.149713514667042 ], [ 4.494078157780791, 8.166700362731603 ], [ 4.490001201794087, 8.182328222769286 ], [ 4.483886240857373, 8.202712058414818 ], [ 4.480495623174534, 8.210510320894628 ], [ 4.471919082899433, 8.216350082090685 ], [ 4.461601740228161, 8.227438370384561 ], [ 4.460922505669146, 8.229602938724668 ], [ 4.459682309091363, 8.23355517043484 ], [ 4.45712200757464, 8.235075646124244 ], [ 4.452410676111867, 8.239430060049301 ], [ 4.444023075304756, 8.246953915091183 ], [ 4.440632344307289, 8.250558799848761 ], [ 4.440625045409547, 8.253964179003731 ], [ 4.417978287068365, 8.273376463553006 ], [ 4.402330365853743, 8.291637868592829 ], [ 4.391735076912312, 8.304002761618221 ], [ 4.359028333091146, 8.295592834241972 ], [ 4.350495814630165, 8.293398857171553 ], [ 4.338059183584505, 8.282952054393832 ], [ 4.32103872335847, 8.268654823161626 ], [ 4.306899547076512, 8.250980376842961 ], [ 4.291704511853766, 8.230458720993227 ], [ 4.279697975281408, 8.208174323786068 ], [ 4.283468481884995, 8.207999938946102 ], [ 4.289821964612031, 8.207396529826042 ], [ 4.293883230126994, 8.207684081755019 ], [ 4.297639703709422, 8.206775922970508 ], [ 4.308260203345753, 8.207417662994828 ], [ 4.310232720563647, 8.200124374340476 ], [ 4.312128409598472, 8.19514819433374 ], [ 4.312621044725461, 8.193855025888809 ], [ 4.313218125316268, 8.189078381162403 ], [ 4.314710827242948, 8.186092978208421 ], [ 4.316607658416729, 8.181577249290683 ], [ 4.318632089899097, 8.176767808987222 ], [ 4.320383094204487, 8.171763038633401 ], [ 4.320980174795295, 8.167284934652059 ], [ 4.323465464759465, 8.158141976171294 ], [ 4.323797346970025, 8.154169235421932 ], [ 4.323597477141902, 8.151325415435622 ], [ 4.325738274601747, 8.14832316458245 ], [ 4.32713126419651, 8.145568495289865 ], [ 4.326751655864257, 8.137150534269779 ], [ 4.327194825580762, 8.129279146115778 ], [ 4.326244506578746, 8.11839042188052 ], [ 4.324225124789734, 8.1103215983631 ], [ 4.323368497158469, 8.10697977969312 ], [ 4.321188240145204, 8.104419160715736 ], [ 4.319117707616158, 8.099953221863757 ], [ 4.318789793214421, 8.099022395667077 ], [ 4.318380588193634, 8.097129588959433 ], [ 4.318377793100694, 8.095606323573008 ], [ 4.318056015672653, 8.094066391950491 ], [ 4.318469728994842, 8.090986527806081 ], [ 4.318515696941915, 8.0891018347819 ], [ 4.318354809127186, 8.086113907430956 ], [ 4.317803191064456, 8.0841142936398 ], [ 4.317329254641436, 8.082556341402096 ], [ 4.317284963929978, 8.081191038335817 ], [ 4.315278266179064, 8.076150372441759 ], [ 4.312895371224442, 8.07265052490186 ], [ 4.309038561180728, 8.066378291425053 ], [ 4.307036029089545, 8.063975254354546 ], [ 4.306020503843229, 8.061261701166643 ], [ 4.302781459696632, 8.057098207016679 ], [ 4.2918219093537, 8.055335317271101 ], [ 4.284803389664773, 8.04643535560723 ], [ 4.294315814823051, 8.034204483150404 ], [ 4.301705919092967, 8.017993160056335 ], [ 4.304045232001897, 8.01286151874416 ], [ 4.310623169323833, 7.997513771443437 ], [ 4.322173594935521, 7.977809427563102 ], [ 4.326250551821545, 7.968297005102727 ], [ 4.332231200809304, 7.962316356114968 ], [ 4.332738619891416, 7.955031991433316 ], [ 4.336984604356076, 7.946082435755841 ], [ 4.339752395656603, 7.942562334584125 ], [ 4.345282898886694, 7.940788683550977 ], [ 4.351390837916881, 7.943156719007447 ], [ 4.360458625665103, 7.943371806263883 ], [ 4.366884915706351, 7.940209595696331 ], [ 4.371934800550662, 7.929890315885416 ], [ 4.371107217424196, 7.92566598619635 ], [ 4.373435190781493, 7.922242509983903 ], [ 4.378326855200271, 7.917661190811373 ], [ 4.397185326441729, 7.896511077024627 ], [ 4.401092214334255, 7.898409028753747 ], [ 4.407477855918387, 7.898416994948434 ], [ 4.414721010965934, 7.894605160000197 ], [ 4.418135643245364, 7.890402316913423 ], [ 4.422485827658875, 7.888441086187242 ], [ 4.428825854729439, 7.88926792017844 ], [ 4.428970964838186, 7.889347074907619 ], [ 4.433019161405241, 7.891555308930435 ], [ 4.435033796572498, 7.895421980939716 ], [ 4.435687541646757, 7.898036001660216 ], [ 4.439118385105417, 7.906422615011707 ], [ 4.440643310640326, 7.917096615316609 ], [ 4.44178676624631, 7.928914069428799 ], [ 4.443627230612265, 7.931017411924074 ], [ 4.447654981991889, 7.935620453321292 ], [ 4.44979238361168, 7.938063144198793 ], [ 4.45817899696317, 7.941493987657452 ], [ 4.468852996368753, 7.942256449975218 ], [ 4.48257637020339, 7.94187498094567 ], [ 4.490894829332944, 7.942825712736521 ], [ 4.495918750749809, 7.943399905581202 ], [ 4.501255511232898, 7.947212218968787 ], [ 4.506592751054654, 7.95178651803343 ], [ 4.511929512437121, 7.953692912597887 ], [ 4.522222518554429, 7.955598829622318 ], [ 4.525915145667511, 7.95718145296172 ], [ 4.529846667789514, 7.958866118776427 ], [ 4.535564899100848, 7.961317060933652 ], [ 4.54268836877327, 7.966130256805968 ], [ 4.549669266223702, 7.970847129891183 ], [ 4.553082568405841, 7.975284208599419 ], [ 4.557293891200175, 7.980758666978943 ], [ 4.561391019879693, 8.000972671951274 ], [ 4.563011644971482, 8.00896835270737 ], [ 4.563011644971482, 8.019261359723998 ], [ 4.563011644971482, 8.024598121106465 ], [ 4.563011644971482, 8.025180263058758 ], [ 4.563011644971482, 8.034128189164619 ], [ 4.560343264729909, 8.041371346010862 ], [ 4.559199810023244, 8.048995017705977 ], [ 4.560724734658834, 8.053951263340196 ], [ 4.568998335604761, 8.054756164665321 ], [ 4.557268141811335, 8.058665274782641 ], [ 4.533486842843558, 8.071575165061859 ], [ 4.527365324050493, 8.076054432765886 ] ] ] } },
{ "type": "Feature", "properties": { "admin2Name": "Lagos Mainland" }, "geometry": { "type": "Polygon", "coordinates": [ [ [ 3.379361278100532, 6.466226934225688 ], [ 3.380193043074541, 6.465998135005975 ], [ 3.380413347298202, 6.466218164936436 ], [ 3.380681305697749, 6.466170096173073 ], [ 3.380911217378809, 6.46643798622415 ], [ 3.380767878035215, 6.46674445089576 ], [ 3.380969183181321, 6.467155968073541 ], [ 3.381304377594972, 6.467423778984255 ], [ 3.381802315124787, 6.467729763417879 ], [ 3.381974520008157, 6.467624323303937 ], [ 3.38225218119328, 6.467748571839195 ], [ 3.3825298064055, 6.467824953059164 ], [ 3.383113812652368, 6.468035133614592 ], [ 3.383382048043131, 6.468350863101875 ], [ 3.383832353880052, 6.468953663380887 ], [ 3.383688957879144, 6.469183539988421 ], [ 3.383957062868205, 6.469326942284624 ], [ 3.383976617726773, 6.469872625721166 ], [ 3.384819510012449, 6.470685750447046 ], [ 3.384676186856609, 6.471011362584363 ], [ 3.384647609999263, 6.471193283743105 ], [ 3.384829791961351, 6.47162396097707 ], [ 3.384935222182833, 6.471815353795591 ], [ 3.384840493893705, 6.473117442615944 ], [ 3.384725926560293, 6.473500475566539 ], [ 3.384678366813205, 6.473893032337628 ], [ 3.384649746788455, 6.474017511998625 ], [ 3.384362764130287, 6.474228349059103 ], [ 3.384267346960542, 6.474620941803096 ], [ 3.384334541605881, 6.474879379979427 ], [ 3.384631459074626, 6.475147216970527 ], [ 3.38483256816852, 6.475290669628748 ], [ 3.385052732997281, 6.475319224003044 ], [ 3.38515907872852, 6.475455329200145 ], [ 3.38525858691429, 6.475409300099159 ], [ 3.385526667621662, 6.475516321221278 ], [ 3.385656962299038, 6.475677059748534 ], [ 3.385794958770362, 6.475899063690861 ], [ 3.38613202017666, 6.476090281141637 ], [ 3.38621642334931, 6.476319984179952 ], [ 3.386515006362515, 6.476258485840503 ], [ 3.386568698586643, 6.476380987892298 ], [ 3.386675940042664, 6.476434518238477 ], [ 3.386653097262695, 6.476603032304126 ], [ 3.386798618361581, 6.476648875245417 ], [ 3.387012988858373, 6.47661041663747 ], [ 3.387166179375754, 6.476671572335249 ], [ 3.387135707646848, 6.476878385828911 ], [ 3.387189418756691, 6.477023863760337 ], [ 3.387304293658246, 6.477046754204366 ], [ 3.387395987634761, 6.476793938589424 ], [ 3.387518472599481, 6.476755551027907 ], [ 3.387664017980114, 6.476832029374691 ], [ 3.387633477003419, 6.476946935752551 ], [ 3.387748311435473, 6.476916213112816 ], [ 3.387870696575419, 6.476747622604762 ], [ 3.38799324719065, 6.476793482633184 ], [ 3.387794359422173, 6.477054037813616 ], [ 3.387748468816824, 6.477123004123371 ], [ 3.387871088679844, 6.477260771267652 ], [ 3.388169514311699, 6.476992480118895 ], [ 3.388905275757907, 6.477872694269479 ], [ 3.389870656605581, 6.478622527407765 ], [ 3.389767243563483, 6.479039891078173 ], [ 3.390150397922582, 6.479422541816916 ], [ 3.390687447867492, 6.480781588299692 ], [ 3.390630284260283, 6.481126283151468 ], [ 3.390993914337741, 6.481011118668221 ], [ 3.391396258430632, 6.481451197414856 ], [ 3.391377440116798, 6.48187245155242 ], [ 3.392029206682594, 6.483039934345527 ], [ 3.392680133281601, 6.483116019688623 ], [ 3.392967428903773, 6.48330727041423 ], [ 3.393739022038289, 6.484783438305101 ], [ 3.393785061031792, 6.484905944853494 ], [ 3.39329575519497, 6.485886666336626 ], [ 3.393250131688262, 6.486300283431376 ], [ 3.393449625599771, 6.486820935138098 ], [ 3.393358059326999, 6.487234587306432 ], [ 3.392868428834959, 6.487801725869019 ], [ 3.39306805404749, 6.488490873654939 ], [ 3.391568813150229, 6.490559942087714 ], [ 3.390436713283748, 6.492107916347322 ], [ 3.389893602807547, 6.492842442125038 ], [ 3.397116736248449, 6.4910861318196 ], [ 3.397867026242295, 6.490917046684388 ], [ 3.399539533222935, 6.494974952332257 ], [ 3.403759682863097, 6.505709386179262 ], [ 3.404250809827033, 6.507011005553522 ], [ 3.405084522732579, 6.515358537066902 ], [ 3.404640987891298, 6.516124781933172 ], [ 3.402865576884892, 6.51761202857233 ], [ 3.401887260188971, 6.519971748897149 ], [ 3.400320160946706, 6.523885985150116 ], [ 3.399848308252899, 6.523963336738632 ], [ 3.399372675708491, 6.524114923764785 ], [ 3.399092659198914, 6.524081638057226 ], [ 3.398927502302456, 6.524038688234896 ], [ 3.398862835651414, 6.523971722916713 ], [ 3.398647492088116, 6.524014974911211 ], [ 3.398604455930922, 6.524065270395965 ], [ 3.398542239932453, 6.524070106050601 ], [ 3.398403335145872, 6.523936185306752 ], [ 3.398209291125909, 6.523677850552417 ], [ 3.39811527420062, 6.523636583361679 ], [ 3.398058442443187, 6.523570267353989 ], [ 3.398032046441813, 6.523479337801234 ], [ 3.397766469447049, 6.523548956119498 ], [ 3.397464981623671, 6.523601848846283 ], [ 3.397082099759132, 6.523616511392959 ], [ 3.396739876244339, 6.52360002681985 ], [ 3.396493399950486, 6.523614581447816 ], [ 3.396179803655059, 6.523485583592844 ], [ 3.396017075827444, 6.523488105291847 ], [ 3.395356617314064, 6.52352931132873 ], [ 3.394016542929137, 6.523597374719088 ], [ 3.392702770116784, 6.523636694877609 ], [ 3.390513151161031, 6.523707804271794 ], [ 3.390202072068007, 6.523736766038951 ], [ 3.389656498348756, 6.523801810405303 ], [ 3.388852490050397, 6.523890987179357 ], [ 3.388041314155373, 6.523996921920457 ], [ 3.38743109896609, 6.52402611211545 ], [ 3.386079011437289, 6.524036723216227 ], [ 3.385469003092055, 6.524033425402308 ], [ 3.384667316843263, 6.524032043144302 ], [ 3.383845688128076, 6.524030675275469 ], [ 3.382182490929267, 6.524031937923667 ], [ 3.382045169848766, 6.524038119863405 ], [ 3.382043641001303, 6.524385895792477 ], [ 3.38209226464636, 6.524549248648952 ], [ 3.382162653683565, 6.524803217194744 ], [ 3.381552745163106, 6.525028339985965 ], [ 3.381340943130056, 6.525116577867834 ], [ 3.381316758561582, 6.525203396619531 ], [ 3.381236574108641, 6.525498325687238 ], [ 3.38113726557242, 6.525822628411618 ], [ 3.381034158299826, 6.526185227865994 ], [ 3.380946315220342, 6.526480163228996 ], [ 3.380923003893543, 6.526568779725437 ], [ 3.380428794053671, 6.526541086901716 ], [ 3.379914258636177, 6.526517540851899 ], [ 3.37956324964432, 6.526489883101647 ], [ 3.379234206593424, 6.526502096794388 ], [ 3.379226772797381, 6.527224114801129 ], [ 3.379235189552389, 6.527808499662569 ], [ 3.378738628884662, 6.527820841058997 ], [ 3.37846736997318, 6.527767192901706 ], [ 3.378182103221548, 6.52764973065058 ], [ 3.377647457164471, 6.527402812789603 ], [ 3.37737448414515, 6.527724133362085 ], [ 3.377059655778567, 6.528077396954359 ], [ 3.376615229709159, 6.528470648002042 ], [ 3.376122996579056, 6.528939725388057 ], [ 3.376076182369957, 6.528977825166521 ], [ 3.376065772717311, 6.52896273724059 ], [ 3.375933986963958, 6.528741942886427 ], [ 3.375754365371733, 6.528556588116089 ], [ 3.375205645823939, 6.528158094920173 ], [ 3.375046058428893, 6.528094388745103 ], [ 3.374559330948387, 6.527923222578693 ], [ 3.374550183044562, 6.52787368522246 ], [ 3.374299595949651, 6.527727075044538 ], [ 3.374084057233517, 6.527513424005349 ], [ 3.373839797768483, 6.52729500655937 ], [ 3.373555653370772, 6.527075024292969 ], [ 3.373126201912726, 6.52668760894602 ], [ 3.372727009943617, 6.526226772947268 ], [ 3.372581650722623, 6.52598594439587 ], [ 3.372330817213481, 6.525504254917507 ], [ 3.371624323303934, 6.525868574774961 ], [ 3.371165005360751, 6.526082724937851 ], [ 3.370638707710214, 6.526335218595534 ], [ 3.370262041060414, 6.526128066956801 ], [ 3.369716155276365, 6.525775837584888 ], [ 3.369302712650097, 6.525458615222988 ], [ 3.369213347917707, 6.525426768430691 ], [ 3.369155926205053, 6.525444361867869 ], [ 3.369108112849176, 6.525511411722334 ], [ 3.368948493078562, 6.525401431830687 ], [ 3.36861488776691, 6.525175098551983 ], [ 3.368289528339119, 6.525314155324054 ], [ 3.368232028385478, 6.525223248254349 ], [ 3.368177644582659, 6.525033410363619 ], [ 3.368054683876608, 6.524875534378452 ], [ 3.367834361666496, 6.52466028794197 ], [ 3.367649187659936, 6.524512031105417 ], [ 3.367503741204757, 6.524388646818636 ], [ 3.36750840508887, 6.523979199880216 ], [ 3.367589023015057, 6.520653094165027 ], [ 3.367508121802416, 6.519975338091456 ], [ 3.36733558596859, 6.519653789091137 ], [ 3.366944728016847, 6.5192290033159 ], [ 3.366364850557432, 6.518630750908471 ], [ 3.365774672263342, 6.517903580685754 ], [ 3.365475556851493, 6.517268106238134 ], [ 3.365597904219953, 6.517022932162661 ], [ 3.365850378092546, 6.516701073795559 ], [ 3.366003450798644, 6.516586079284195 ], [ 3.36631727012599, 6.516379059845804 ], [ 3.366707717087536, 6.516240915885589 ], [ 3.367075279000971, 6.516225330634541 ], [ 3.367350986858582, 6.516263425017087 ], [ 3.367580777131195, 6.516340612929014 ], [ 3.367936905963461, 6.516397796321314 ], [ 3.369450642133472, 6.512973149191509 ], [ 3.370441155435003, 6.510519046816626 ], [ 3.370883861101333, 6.509422185985159 ], [ 3.371124496298535, 6.508629310394383 ], [ 3.37171937534896, 6.507251323290006 ], [ 3.37206335973633, 6.506423904739449 ], [ 3.369145226970716, 6.505637175115567 ], [ 3.368709632243792, 6.505286879286075 ], [ 3.367988713208604, 6.503770936179819 ], [ 3.367175307894172, 6.501427892882987 ], [ 3.367327203387788, 6.499696864318878 ], [ 3.368030637803713, 6.49824115600461 ], [ 3.367600150326723, 6.4959437883752 ], [ 3.366895052164978, 6.495101816095996 ], [ 3.365345008565328, 6.490614798933848 ], [ 3.363292387833496, 6.490003560316097 ], [ 3.363625893320375, 6.489095345773649 ], [ 3.364209481382488, 6.48750608723617 ], [ 3.364454329004104, 6.487245506874672 ], [ 3.365249721797284, 6.485896960876119 ], [ 3.366252225759638, 6.484968954054011 ], [ 3.368134699257041, 6.483278795180297 ], [ 3.369098765295803, 6.482244137756823 ], [ 3.36906402268653, 6.481853556796239 ], [ 3.36866170017737, 6.481417290275772 ], [ 3.368290469029944, 6.481182112164788 ], [ 3.366348969429453, 6.480647390564684 ], [ 3.366272328305342, 6.480551709893518 ], [ 3.364460226758126, 6.476264005879216 ], [ 3.364495326398242, 6.476246227181662 ], [ 3.365557375372646, 6.475711252872088 ], [ 3.366877847234889, 6.47517034483559 ], [ 3.367716288775739, 6.47514676101423 ], [ 3.368893370033049, 6.474858698270339 ], [ 3.369610996650238, 6.474542244828797 ], [ 3.370517971926915, 6.473995885102056 ], [ 3.371297620288999, 6.472105473288991 ], [ 3.37203134387147, 6.470249557671025 ], [ 3.372323610046635, 6.469404945881593 ], [ 3.374150070169662, 6.46974251270683 ], [ 3.37607396014522, 6.46981002391351 ], [ 3.377762054175491, 6.469418166814989 ], [ 3.378037000307359, 6.468464424993272 ], [ 3.378518393908791, 6.467119924145209 ], [ 3.379079664395022, 6.466182673191838 ], [ 3.379361278100532, 6.466226934225688 ] ] ] } },
{ "type": "Feature", "properties": { "admin2Name": "Lagos Island" }, "geometry": { "type": "Polygon", "coordinates": [ [ [ 3.403009752598052, 6.439335522416457 ], [ 3.402883645164138, 6.440808715349988 ], [ 3.403058437397021, 6.441407646745574 ], [ 3.403160067083491, 6.441530003107232 ], [ 3.404075271156898, 6.441874481222385 ], [ 3.405409680712239, 6.4429537836902 ], [ 3.406312487631226, 6.444362229033686 ], [ 3.406835856189844, 6.445367044253715 ], [ 3.407181067252509, 6.446193932204267 ], [ 3.407360001762697, 6.447342626361149 ], [ 3.407702105667681, 6.449363572970583 ], [ 3.408119561968249, 6.451667389638374 ], [ 3.408511742822725, 6.453773277215021 ], [ 3.408489497192591, 6.454677046408619 ], [ 3.408199224814439, 6.455535076982244 ], [ 3.407908811242692, 6.456216951950807 ], [ 3.407136210867463, 6.457144298670471 ], [ 3.406348073804622, 6.457795935733884 ], [ 3.405682170795615, 6.458102823086847 ], [ 3.404840104087555, 6.458340918598537 ], [ 3.404112773785528, 6.458433403978461 ], [ 3.403712377624174, 6.458351289580378 ], [ 3.402853007060685, 6.45839385629148 ], [ 3.402049495188123, 6.458472277173883 ], [ 3.401403537343413, 6.458588467783613 ], [ 3.400907116070584, 6.458690578607388 ], [ 3.400293096749067, 6.458852616655008 ], [ 3.40002669957255, 6.458944182028404 ], [ 3.399984829836058, 6.458948203796638 ], [ 3.399707737921801, 6.459040169368393 ], [ 3.399468547935214, 6.459152048628198 ], [ 3.39927321878406, 6.459255916727216 ], [ 3.398721221207438, 6.459547853750507 ], [ 3.39868933304632, 6.45956782409587 ], [ 3.397794866439995, 6.46012379487729 ], [ 3.397375020640766, 6.460408986985215 ], [ 3.39659828608211, 6.460976353076262 ], [ 3.39635340698419, 6.461160357964218 ], [ 3.395109968350425, 6.462206766828899 ], [ 3.394585836267368, 6.462682027053972 ], [ 3.39405788566296, 6.463172607230092 ], [ 3.393928889606627, 6.46332716201897 ], [ 3.393693607174271, 6.46354562263241 ], [ 3.393360845426741, 6.463953717889808 ], [ 3.39307400126421, 6.464333057324779 ], [ 3.392792877689203, 6.464683668816292 ], [ 3.39239139604615, 6.465344560802862 ], [ 3.39207776557646, 6.465867444626895 ], [ 3.391455653255832, 6.465891857623205 ], [ 3.390795247802487, 6.465906726114554 ], [ 3.390345377237395, 6.465878350705395 ], [ 3.389881128311458, 6.465821265339173 ], [ 3.388899949972767, 6.465659264163776 ], [ 3.388239398829228, 6.465482656199697 ], [ 3.387497394289369, 6.46517686512027 ], [ 3.38670265080674, 6.464741868442502 ], [ 3.38612803168337, 6.46428755522652 ], [ 3.386067581054078, 6.464256007908489 ], [ 3.385794660195472, 6.464069528985647 ], [ 3.385339823574043, 6.463801810705036 ], [ 3.384832321754288, 6.463500625053825 ], [ 3.384166865708323, 6.463161262282483 ], [ 3.383324333151506, 6.462807672236352 ], [ 3.383089780968646, 6.462731260439341 ], [ 3.382443607286689, 6.462573780155878 ], [ 3.382347794415239, 6.462439820741167 ], [ 3.381946435079954, 6.462431505609572 ], [ 3.381573047358302, 6.462282436685143 ], [ 3.381493660604008, 6.463544713417832 ], [ 3.380564823707687, 6.462970989119924 ], [ 3.379912995988036, 6.461650308614878 ], [ 3.379778493382787, 6.460970680152798 ], [ 3.379768242910131, 6.460061187673716 ], [ 3.379813664069388, 6.4594518610146 ], [ 3.379813296246652, 6.458957859817417 ], [ 3.379766866048101, 6.458303056241107 ], [ 3.379778051815663, 6.457900954065849 ], [ 3.379766048564363, 6.457205913921825 ], [ 3.379874752318017, 6.456660134257845 ], [ 3.380144103767407, 6.455918931013912 ], [ 3.380448073719663, 6.455395980640048 ], [ 3.381107816372662, 6.45451088137213 ], [ 3.381469291674534, 6.454097027755665 ], [ 3.382002998839369, 6.453619860068557 ], [ 3.382246419236878, 6.453457270736521 ], [ 3.382257030337712, 6.453428275694421 ], [ 3.38250574504417, 6.453251933030344 ], [ 3.382778949189174, 6.453081237209403 ], [ 3.383410365895713, 6.452721750308569 ], [ 3.383850477917292, 6.452515585226138 ], [ 3.384716346981861, 6.452108051145672 ], [ 3.386089219641804, 6.451360266663016 ], [ 3.386928946313844, 6.450878811907671 ], [ 3.38804907440533, 6.450255671661978 ], [ 3.389561189097662, 6.44939647916425 ], [ 3.390885701613911, 6.448587494017659 ], [ 3.391829569778849, 6.447983629840678 ], [ 3.392811677117265, 6.447325482585029 ], [ 3.394042474880337, 6.446472478322278 ], [ 3.396948024331891, 6.444451096441014 ], [ 3.397166127015225, 6.444304556410202 ], [ 3.397579360099428, 6.444013194953015 ], [ 3.39824992159663, 6.443559837716407 ], [ 3.398801860717356, 6.443177418103403 ], [ 3.399185426066595, 6.442890866220523 ], [ 3.399449416657319, 6.442681953709268 ], [ 3.399562269882892, 6.442575598085455 ], [ 3.400244975825046, 6.441853439784495 ], [ 3.400971781822307, 6.441122081418996 ], [ 3.40153597240726, 6.440504136556683 ], [ 3.401728749282427, 6.440207202000806 ], [ 3.401910353879771, 6.439902297652964 ], [ 3.402219187365631, 6.439483894366276 ], [ 3.403009752598052, 6.439335522416457 ] ] ] } },
{ "type": "Feature", "properties": { "admin2Name": "Apapa" }, "geometry": { "type": "Polygon", "coordinates": [ [ [ 3.364495326398242, 6.476246227181662 ], [ 3.364408932126537, 6.475895891782045 ], [ 3.363353890669543, 6.4738936852454 ], [ 3.362655510443517, 6.474246850811539 ], [ 3.361335032285979, 6.474783917843581 ], [ 3.360100016702461, 6.474363553135504 ], [ 3.359716786800334, 6.473837270773458 ], [ 3.359228034945886, 6.472975984653999 ], [ 3.358930698393067, 6.472998535154318 ], [ 3.358547776958403, 6.472906897835117 ], [ 3.357361011801288, 6.473037935352465 ], [ 3.356227864224593, 6.47319191007864 ], [ 3.355531165730781, 6.473337917710808 ], [ 3.3554793521904, 6.47370226634655 ], [ 3.355564068327112, 6.474399170785148 ], [ 3.355104821430416, 6.474659895937521 ], [ 3.35465335816599, 6.475104430824899 ], [ 3.354408655335249, 6.475571797700354 ], [ 3.354248167718822, 6.476023787967506 ], [ 3.353812188981408, 6.476713398004961 ], [ 3.353468154231962, 6.47748719178054 ], [ 3.353223192396456, 6.477586928394089 ], [ 3.352725527361258, 6.47766386359649 ], [ 3.352809979996607, 6.477985480945222 ], [ 3.352840853722455, 6.478337770571727 ], [ 3.352297403302543, 6.478644506838577 ], [ 3.351723175384279, 6.478736813253363 ], [ 3.35141689057707, 6.478744684119931 ], [ 3.350490139208603, 6.478415989106679 ], [ 3.349073136815832, 6.477811908193075 ], [ 3.348767058852729, 6.478118477186001 ], [ 3.348231463111574, 6.478716243060205 ], [ 3.348017322841201, 6.479099337164712 ], [ 3.346860965561177, 6.478931631589603 ], [ 3.345712182371358, 6.478641375399206 ], [ 3.344984309778113, 6.478372747904018 ], [ 3.344509173659503, 6.47817622355393 ], [ 3.34357472319499, 6.477778590109892 ], [ 3.342900655241067, 6.477434392583177 ], [ 3.341652004136733, 6.476654020266892 ], [ 3.341077440771301, 6.476248480882759 ], [ 3.33877777267611, 6.474598510013266 ], [ 3.339850850036726, 6.474097135274633 ], [ 3.340608852616526, 6.474012378668363 ], [ 3.341466413744058, 6.473950531391949 ], [ 3.341979283617093, 6.473712758736895 ], [ 3.342691038560645, 6.473176152157748 ], [ 3.343923239266132, 6.47228688003554 ], [ 3.344795653596577, 6.471551027757755 ], [ 3.345430960770273, 6.471205942600193 ], [ 3.345966864978891, 6.471067717701033 ], [ 3.346487513088334, 6.471013750284385 ], [ 3.347015926843596, 6.471120614924473 ], [ 3.347337645815742, 6.471296551994328 ], [ 3.347958107880402, 6.471640780097971 ], [ 3.348831429626841, 6.472237580999604 ], [ 3.349451968133849, 6.472689031673497 ], [ 3.350011087441771, 6.472903098199481 ], [ 3.350463364592656, 6.472901560358764 ], [ 3.350386745052276, 6.47283268218257 ], [ 3.350356036801713, 6.472717818972228 ], [ 3.350417120553743, 6.472465031236254 ], [ 3.350659694689227, 6.471411070764361 ], [ 3.35081701489338, 6.470530182122275 ], [ 3.350900034009385, 6.469469838262455 ], [ 3.350933227086784, 6.469024637876771 ], [ 3.350908198054924, 6.467430635415553 ], [ 3.352078143191818, 6.467214417711261 ], [ 3.352628337627721, 6.466989054801104 ], [ 3.353178470909768, 6.466675134749721 ], [ 3.353482275386739, 6.466552859327066 ], [ 3.354779176018212, 6.466537596033277 ], [ 3.35552390730254, 6.466604299648736 ], [ 3.355500825302897, 6.466446349919181 ], [ 3.355483225570424, 6.465915022360434 ], [ 3.355468205992963, 6.464967236748635 ], [ 3.355944202762771, 6.464033468869559 ], [ 3.35603816123222, 6.463821009432081 ], [ 3.356140372780033, 6.463533726400385 ], [ 3.356167546694962, 6.463142959280219 ], [ 3.356134726836217, 6.461867583921901 ], [ 3.356225880320153, 6.460822071681321 ], [ 3.356236834962033, 6.460063828083264 ], [ 3.356443153828536, 6.459466285240921 ], [ 3.356189727573906, 6.458398038139023 ], [ 3.35612017400689, 6.457479011946873 ], [ 3.356148276022168, 6.455160985990744 ], [ 3.354278034203958, 6.455089531256931 ], [ 3.353054830316239, 6.455061657669432 ], [ 3.352141648818076, 6.454918684349877 ], [ 3.351452459663335, 6.454815765035562 ], [ 3.351033641789172, 6.454849209023848 ], [ 3.351021700591048, 6.45472989776664 ], [ 3.350918112181205, 6.454408293008385 ], [ 3.350860072634305, 6.453517978571881 ], [ 3.3506704469836, 6.453345782681765 ], [ 3.350469065395089, 6.452777242975458 ], [ 3.351054740783695, 6.452673444124173 ], [ 3.351433751066793, 6.452667439350876 ], [ 3.351472555913745, 6.450645445930661 ], [ 3.351494311413376, 6.448881955437969 ], [ 3.350188773692992, 6.44601074120277 ], [ 3.349475691350108, 6.444540709386274 ], [ 3.349176600219948, 6.443840118626611 ], [ 3.349072634094853, 6.442961323606255 ], [ 3.349036903130639, 6.441094474930139 ], [ 3.349035385075013, 6.438871461448855 ], [ 3.34900584864107, 6.43766519359383 ], [ 3.34906026571872, 6.437199610973323 ], [ 3.349059825050915, 6.436973870347913 ], [ 3.348471502957523, 6.436729759271032 ], [ 3.347724835432871, 6.436510071982298 ], [ 3.345073758147464, 6.436540591375262 ], [ 3.343810625260176, 6.436847800685484 ], [ 3.341885319751725, 6.437582145699537 ], [ 3.340954633849321, 6.437880804255769 ], [ 3.339955562599187, 6.438059540915106 ], [ 3.339398394820137, 6.437835886716869 ], [ 3.338599010835708, 6.437887128288367 ], [ 3.337675748836773, 6.437980634398798 ], [ 3.337079658399546, 6.438062606703966 ], [ 3.337050071603585, 6.43784664080988 ], [ 3.336820396444182, 6.43788125841337 ], [ 3.336498885215406, 6.437984865709041 ], [ 3.335901744370062, 6.438100144406178 ], [ 3.335625855748674, 6.43772120516951 ], [ 3.334879282652821, 6.437641276124054 ], [ 3.334649704620233, 6.437825242341091 ], [ 3.334546242115437, 6.437675960277375 ], [ 3.331973490384314, 6.437482334442223 ], [ 3.33172460031011, 6.437407102555767 ], [ 3.33188235308819, 6.434203631092771 ], [ 3.332050874348397, 6.429896301173414 ], [ 3.342527718979113, 6.42755361760544 ], [ 3.354275072736471, 6.424711587269996 ], [ 3.354455468645028, 6.424548690369818 ], [ 3.359591686607075, 6.397662151986765 ], [ 3.377091507067462, 6.398044023013313 ], [ 3.380097831849525, 6.407384181235045 ], [ 3.384384480959056, 6.409898164968411 ], [ 3.397515325671804, 6.409448030002636 ], [ 3.400271547194222, 6.4104270562637 ], [ 3.400168933649411, 6.411384502392934 ], [ 3.400589089714742, 6.415091095977346 ], [ 3.400677835713623, 6.415987122008119 ], [ 3.401028627968856, 6.419096372399736 ], [ 3.401267755902268, 6.421374716669902 ], [ 3.401567930715487, 6.423388778969013 ], [ 3.401802321020341, 6.424499140423052 ], [ 3.402293535218519, 6.426034367691955 ], [ 3.402781499266837, 6.428301026171482 ], [ 3.403008087053649, 6.429219918364595 ], [ 3.403018422062587, 6.432620472656708 ], [ 3.402962235119105, 6.434190596319013 ], [ 3.4028420587141, 6.436439049822354 ], [ 3.403046307341242, 6.437143127253592 ], [ 3.403009752598052, 6.439335522416457 ], [ 3.402219187365631, 6.439483894366276 ], [ 3.401910353879771, 6.439902297652964 ], [ 3.401728749282427, 6.440207202000806 ], [ 3.40153597240726, 6.440504136556683 ], [ 3.400971781822307, 6.441122081418996 ], [ 3.400244975825046, 6.441853439784495 ], [ 3.399562269882892, 6.442575598085455 ], [ 3.399449416657319, 6.442681953709268 ], [ 3.399185426066595, 6.442890866220523 ], [ 3.398801860717356, 6.443177418103403 ], [ 3.39824992159663, 6.443559837716407 ], [ 3.397579360099428, 6.444013194953015 ], [ 3.397166127015225, 6.444304556410202 ], [ 3.396948024331891, 6.444451096441014 ], [ 3.394042474880337, 6.446472478322278 ], [ 3.392811677117265, 6.447325482585029 ], [ 3.391829569778849, 6.447983629840678 ], [ 3.390885701613911, 6.448587494017659 ], [ 3.389561189097662, 6.44939647916425 ], [ 3.38804907440533, 6.450255671661978 ], [ 3.386928946313844, 6.450878811907671 ], [ 3.386089219641804, 6.451360266663016 ], [ 3.384716346981861, 6.452108051145672 ], [ 3.383850477917292, 6.452515585226138 ], [ 3.383410365895713, 6.452721750308569 ], [ 3.382778949189174, 6.453081237209403 ], [ 3.38250574504417, 6.453251933030344 ], [ 3.382257030337712, 6.453428275694421 ], [ 3.382246419236878, 6.453457270736521 ], [ 3.382002998839369, 6.453619860068557 ], [ 3.381469291674534, 6.454097027755665 ], [ 3.381107816372662, 6.45451088137213 ], [ 3.380448073719663, 6.455395980640048 ], [ 3.380144103767407, 6.455918931013912 ], [ 3.379874752318017, 6.456660134257845 ], [ 3.379766048564363, 6.457205913921825 ], [ 3.379778051815663, 6.457900954065849 ], [ 3.379766866048101, 6.458303056241107 ], [ 3.379813296246652, 6.458957859817417 ], [ 3.379813664069388, 6.4594518610146 ], [ 3.379768242910131, 6.460061187673716 ], [ 3.379778493382787, 6.460970680152798 ], [ 3.379912995988036, 6.461650308614878 ], [ 3.380564823707687, 6.462970989119924 ], [ 3.381493660604008, 6.463544713417832 ], [ 3.379361278100532, 6.466226934225688 ], [ 3.379079664395022, 6.466182673191838 ], [ 3.378518393908791, 6.467119924145209 ], [ 3.378037000307359, 6.468464424993272 ], [ 3.377762054175491, 6.469418166814989 ], [ 3.37607396014522, 6.46981002391351 ], [ 3.374150070169662, 6.46974251270683 ], [ 3.372323610046635, 6.469404945881593 ], [ 3.37203134387147, 6.470249557671025 ], [ 3.371297620288999, 6.472105473288991 ], [ 3.370517971926915, 6.473995885102056 ], [ 3.369610996650238, 6.474542244828797 ], [ 3.368893370033049, 6.474858698270339 ], [ 3.367716288775739, 6.47514676101423 ], [ 3.366877847234889, 6.47517034483559 ], [ 3.365557375372646, 6.475711252872088 ], [ 3.364495326398242, 6.476246227181662 ] ] ] } },
{ "type": "Feature", "properties": { "admin2Name": "Mushin" }, "geometry": { "type": "Polygon", "coordinates": [ [ [ 3.367503741204757, 6.524388646818636 ], [ 3.36750128155893, 6.524603154012368 ], [ 3.367499146568434, 6.524790150944739 ], [ 3.367495208437163, 6.525135228907743 ], [ 3.367467753034418, 6.526868081296982 ], [ 3.367442072893425, 6.527751270404849 ], [ 3.36743548086281, 6.528100517624864 ], [ 3.367373889893145, 6.530961434622554 ], [ 3.367325278838621, 6.532703039213914 ], [ 3.367269573931765, 6.536199969353163 ], [ 3.367259858555656, 6.536674204351073 ], [ 3.367244006205965, 6.537732874572555 ], [ 3.367213611818784, 6.539281683403033 ], [ 3.367207088136638, 6.539614124991942 ], [ 3.367174912192468, 6.541433143225049 ], [ 3.367127940602018, 6.543748404665166 ], [ 3.367079732443756, 6.54574563435358 ], [ 3.367056559612593, 6.546955270169633 ], [ 3.367046112188348, 6.547772081216635 ], [ 3.367005914291553, 6.549530470754689 ], [ 3.366994156555108, 6.550909084686566 ], [ 3.366954206871185, 6.553005743420385 ], [ 3.366892155448681, 6.555424729967342 ], [ 3.366864548959825, 6.556946960234086 ], [ 3.366925915098932, 6.558478963433458 ], [ 3.366861745773008, 6.558483755021314 ], [ 3.366291145719856, 6.558424564342204 ], [ 3.36407016830367, 6.558378312209413 ], [ 3.35997286155839, 6.558314254399363 ], [ 3.358259254660936, 6.558267611960787 ], [ 3.357253935820552, 6.558057709295895 ], [ 3.35604736039744, 6.557532015989807 ], [ 3.353988538840042, 6.556652695765365 ], [ 3.352117000199428, 6.555618818054086 ], [ 3.351942905840474, 6.555511392237008 ], [ 3.351813450230566, 6.555701927102291 ], [ 3.350424986923656, 6.55516039133903 ], [ 3.348825881709104, 6.554561556170938 ], [ 3.346371280210462, 6.553506960777668 ], [ 3.343587935135133, 6.552331312140382 ], [ 3.341816427186416, 6.551576200881016 ], [ 3.341098258278066, 6.551283097437022 ], [ 3.339846943381758, 6.550613787796124 ], [ 3.339323348194, 6.550205664659757 ], [ 3.338898661344217, 6.549778328407172 ], [ 3.338566533618689, 6.549382838946883 ], [ 3.338298218188243, 6.54897454314073 ], [ 3.338039442766103, 6.548518371925354 ], [ 3.337858519854876, 6.548083615366579 ], [ 3.337762620648448, 6.547830376170964 ], [ 3.337625322950316, 6.547303915743157 ], [ 3.337535627267414, 6.546783807226973 ], [ 3.337497004982822, 6.546292384386106 ], [ 3.337493560579389, 6.545915821158246 ], [ 3.337486648390154, 6.545124401569922 ], [ 3.337492677445141, 6.544597844914676 ], [ 3.337453523661225, 6.54331499798883 ], [ 3.337376223334104, 6.542242798366487 ], [ 3.337318467073658, 6.541767342988521 ], [ 3.337235016283046, 6.54103980044647 ], [ 3.337112942308465, 6.539817640671629 ], [ 3.337105166770073, 6.539642873619755 ], [ 3.336803250869366, 6.536697572335129 ], [ 3.336483779303023, 6.533736963689989 ], [ 3.336329661584671, 6.53230580057226 ], [ 3.336262195344091, 6.531618135768383 ], [ 3.336069056941483, 6.530013927800553 ], [ 3.335792973167202, 6.527505805848307 ], [ 3.33544026265804, 6.523985081446426 ], [ 3.335329352867404, 6.522877980034821 ], [ 3.335135164955943, 6.52101513693907 ], [ 3.334995383330352, 6.519674206399543 ], [ 3.334896991203209, 6.518858166970858 ], [ 3.334768986199776, 6.518293404417136 ], [ 3.334574863938883, 6.517668925080898 ], [ 3.334369288811672, 6.51700760321836 ], [ 3.333752789159917, 6.515974051960995 ], [ 3.333586267991905, 6.515753462652242 ], [ 3.333402769422321, 6.515510383097762 ], [ 3.333146014776787, 6.515170262197898 ], [ 3.332625580706008, 6.514650435169472 ], [ 3.332146713300233, 6.51426141902931 ], [ 3.331131624225122, 6.513601501008509 ], [ 3.330741211437783, 6.513407954313664 ], [ 3.330215099047621, 6.513147134732549 ], [ 3.329768737637153, 6.512925851147145 ], [ 3.328547472687774, 6.512337915762259 ], [ 3.327802630786834, 6.511979335378101 ], [ 3.326975901117009, 6.511469273188482 ], [ 3.326251243600041, 6.510908083641198 ], [ 3.325676753079733, 6.510282426193044 ], [ 3.325296549396285, 6.509868356739332 ], [ 3.324958333260497, 6.509307865965297 ], [ 3.324945266111172, 6.509281979879518 ], [ 3.324411690247359, 6.508263735083347 ], [ 3.324127589916372, 6.507405385250365 ], [ 3.323928274969944, 6.506803195611042 ], [ 3.323696670764775, 6.506103446616805 ], [ 3.322803698831706, 6.50326509360923 ], [ 3.322288649002019, 6.501563548419085 ], [ 3.322816771376949, 6.501309776824769 ], [ 3.323795141132905, 6.500737121820748 ], [ 3.324206565680527, 6.500471187795142 ], [ 3.325259011694072, 6.499738124315058 ], [ 3.325557992207621, 6.499515343358439 ], [ 3.326131992597425, 6.499024320715876 ], [ 3.32654582103288, 6.498777530558641 ], [ 3.326623777865109, 6.498641597132064 ], [ 3.326595166833556, 6.498804368127139 ], [ 3.326738900080215, 6.499043618368319 ], [ 3.327677372312905, 6.499694023360519 ], [ 3.328379482926834, 6.500151128971481 ], [ 3.329467416188379, 6.501008226048839 ], [ 3.330302711900686, 6.501957393019325 ], [ 3.330762532564847, 6.502516196665169 ], [ 3.331944084352074, 6.503730126744017 ], [ 3.332103518862368, 6.503893931060134 ], [ 3.332338761724543, 6.504128339351439 ], [ 3.333315715048286, 6.505046771091656 ], [ 3.333580131018266, 6.505391250106129 ], [ 3.333764088242106, 6.505655362105301 ], [ 3.333925127142948, 6.505999908568981 ], [ 3.334143719057408, 6.506528233291363 ], [ 3.334454181215563, 6.507022030342455 ], [ 3.33476459840756, 6.507446897056695 ], [ 3.335143889279095, 6.507802786669345 ], [ 3.335592114984195, 6.508181608094787 ], [ 3.335902456633107, 6.508491590014899 ], [ 3.336165314078016, 6.508790602904071 ], [ 3.336316285068563, 6.508962341039251 ], [ 3.33660363285145, 6.50923787173042 ], [ 3.336787555001706, 6.509444541332584 ], [ 3.337304687661231, 6.509800337415697 ], [ 3.337454158582602, 6.510018518340019 ], [ 3.337511752965099, 6.510259736297826 ], [ 3.337615469978005, 6.510765157985702 ], [ 3.337661645668447, 6.51110977999241 ], [ 3.338183660747404, 6.511189077713823 ], [ 3.33887863524086, 6.511240310292123 ], [ 3.33995264339984, 6.511256820945562 ], [ 3.340883129652752, 6.511365334042978 ], [ 3.341997536257338, 6.511669024306059 ], [ 3.342784395383603, 6.511708699696783 ], [ 3.344155427131284, 6.5117000931848 ], [ 3.345763628988323, 6.511813879007377 ], [ 3.347705187944143, 6.512283572428998 ], [ 3.348614369257803, 6.512583251715739 ], [ 3.348604181737642, 6.512766388757882 ], [ 3.348499018614859, 6.514656991227184 ], [ 3.34856855689344, 6.515553039741064 ], [ 3.351704268037565, 6.515332585330611 ], [ 3.351831213639628, 6.516182638917712 ], [ 3.352026648011417, 6.516412270909598 ], [ 3.352130284085376, 6.516779828326491 ], [ 3.352142420436394, 6.517710381129234 ], [ 3.352280596772175, 6.518192798159134 ], [ 3.355116051264815, 6.515674849314905 ], [ 3.356286759026773, 6.51435285759834 ], [ 3.356504932756479, 6.514249307859302 ], [ 3.357584383612448, 6.513834962313695 ], [ 3.357871330297712, 6.513524572101346 ], [ 3.358261525449109, 6.513030293913005 ], [ 3.358548668186529, 6.51278377894829 ], [ 3.358638913355207, 6.512835028613722 ], [ 3.360841880048781, 6.514748194173876 ], [ 3.362261671239196, 6.519074473708031 ], [ 3.362529928213689, 6.519399786371082 ], [ 3.363985385617127, 6.520049747997518 ], [ 3.364647604103709, 6.520376926753841 ], [ 3.364869393108052, 6.519978502805714 ], [ 3.365213516890321, 6.519315756417086 ], [ 3.365259324758085, 6.519124250283994 ], [ 3.365396752857919, 6.518553560298642 ], [ 3.365392508057823, 6.517979142623403 ], [ 3.365403679436326, 6.517542575729351 ], [ 3.365434124185526, 6.517285980263807 ], [ 3.365475556851493, 6.517268106238134 ], [ 3.365774672263342, 6.517903580685754 ], [ 3.366364850557432, 6.518630750908471 ], [ 3.366944728016847, 6.5192290033159 ], [ 3.36733558596859, 6.519653789091137 ], [ 3.367508121802416, 6.519975338091456 ], [ 3.367589023015057, 6.520653094165027 ], [ 3.36750840508887, 6.523979199880216 ], [ 3.367503741204757, 6.524388646818636 ] ] ] } },
{ "type": "Feature", "properties": { "admin2Name": "Surulere" }, "geometry": { "type": "Polygon", "coordinates": [ [ [ 3.365475556851493, 6.517268106238134 ], [ 3.365434124185526, 6.517285980263807 ], [ 3.365403679436326, 6.517542575729351 ], [ 3.365392508057823, 6.517979142623403 ], [ 3.365396752857919, 6.518553560298642 ], [ 3.365259324758085, 6.519124250283994 ], [ 3.365213516890321, 6.519315756417086 ], [ 3.364869393108052, 6.519978502805714 ], [ 3.364647604103709, 6.520376926753841 ], [ 3.363985385617127, 6.520049747997518 ], [ 3.362529928213689, 6.519399786371082 ], [ 3.362261671239196, 6.519074473708031 ], [ 3.360841880048781, 6.514748194173876 ], [ 3.358638913355207, 6.512835028613722 ], [ 3.358548668186529, 6.51278377894829 ], [ 3.358261525449109, 6.513030293913005 ], [ 3.357871330297712, 6.513524572101346 ], [ 3.357584383612448, 6.513834962313695 ], [ 3.356504932756479, 6.514249307859302 ], [ 3.356286759026773, 6.51435285759834 ], [ 3.355116051264815, 6.515674849314905 ], [ 3.352280596772175, 6.518192798159134 ], [ 3.352142420436394, 6.517710381129234 ], [ 3.352130284085376, 6.516779828326491 ], [ 3.352026648011417, 6.516412270909598 ], [ 3.351831213639628, 6.516182638917712 ], [ 3.351704268037565, 6.515332585330611 ], [ 3.34856855689344, 6.515553039741064 ], [ 3.348499018614859, 6.514656991227184 ], [ 3.348604181737642, 6.512766388757882 ], [ 3.348614369257803, 6.512583251715739 ], [ 3.347705187944143, 6.512283572428998 ], [ 3.345763628988323, 6.511813879007377 ], [ 3.344155427131284, 6.5117000931848 ], [ 3.342784395383603, 6.511708699696783 ], [ 3.341997536257338, 6.511669024306059 ], [ 3.340883129652752, 6.511365334042978 ], [ 3.33995264339984, 6.511256820945562 ], [ 3.33887863524086, 6.511240310292123 ], [ 3.338183660747404, 6.511189077713823 ], [ 3.337661645668447, 6.51110977999241 ], [ 3.337615469978005, 6.510765157985702 ], [ 3.337511752965099, 6.510259736297826 ], [ 3.337454158582602, 6.510018518340019 ], [ 3.337304687661231, 6.509800337415697 ], [ 3.336787555001706, 6.509444541332584 ], [ 3.33660363285145, 6.50923787173042 ], [ 3.336316285068563, 6.508962341039251 ], [ 3.336165314078016, 6.508790602904071 ], [ 3.335902456633107, 6.508491590014899 ], [ 3.335592114984195, 6.508181608094787 ], [ 3.335143889279095, 6.507802786669345 ], [ 3.33476459840756, 6.507446897056695 ], [ 3.334454181215563, 6.507022030342455 ], [ 3.334143719057408, 6.506528233291363 ], [ 3.333925127142948, 6.505999908568981 ], [ 3.333764088242106, 6.505655362105301 ], [ 3.333580131018266, 6.505391250106129 ], [ 3.333315715048286, 6.505046771091656 ], [ 3.332338761724543, 6.504128339351439 ], [ 3.332103518862368, 6.503893931060134 ], [ 3.331944084352074, 6.503730126744017 ], [ 3.330762532564847, 6.502516196665169 ], [ 3.330302711900686, 6.501957393019325 ], [ 3.329467416188379, 6.501008226048839 ], [ 3.328379482926834, 6.500151128971481 ], [ 3.327677372312905, 6.499694023360519 ], [ 3.326738900080215, 6.499043618368319 ], [ 3.326595166833556, 6.498804368127139 ], [ 3.326623777865109, 6.498641597132064 ], [ 3.32654582103288, 6.498777530558641 ], [ 3.326131992597425, 6.499024320715876 ], [ 3.325557992207621, 6.499515343358439 ], [ 3.325259011694072, 6.499738124315058 ], [ 3.324206565680527, 6.500471187795142 ], [ 3.323795141132905, 6.500737121820748 ], [ 3.322816771376949, 6.501309776824769 ], [ 3.322288649002019, 6.501563548419085 ], [ 3.321980368599156, 6.50054508868493 ], [ 3.321684604061261, 6.499555992714932 ], [ 3.321476508134367, 6.498447170000929 ], [ 3.321380165562232, 6.497465926011728 ], [ 3.321435241843005, 6.496269176581279 ], [ 3.321505119165977, 6.495769703908763 ], [ 3.3219142000803, 6.49416002356628 ], [ 3.322411291348089, 6.493144894021668 ], [ 3.322497688317696, 6.492964859640608 ], [ 3.322889247740648, 6.492148922734657 ], [ 3.323768802688164, 6.490501683106231 ], [ 3.324791824683018, 6.488691596939702 ], [ 3.325648382167174, 6.48702139132422 ], [ 3.326550758310873, 6.485167340000771 ], [ 3.327085736217782, 6.483558611141063 ], [ 3.327094027967064, 6.483515076759431 ], [ 3.327284153640846, 6.482516862563216 ], [ 3.327379288423458, 6.481628303603372 ], [ 3.327436381883558, 6.481092197047303 ], [ 3.327435077866596, 6.479070228808041 ], [ 3.327311841068649, 6.477952098110904 ], [ 3.326835772353036, 6.475899800235652 ], [ 3.326160925586294, 6.474322484694937 ], [ 3.325333027697127, 6.472883128753438 ], [ 3.32445931114836, 6.471627614922511 ], [ 3.323493808892238, 6.470525338373704 ], [ 3.322584961227051, 6.469402598651072 ], [ 3.318516269110603, 6.464985930956004 ], [ 3.318215169794314, 6.464599819626017 ], [ 3.317778373573105, 6.46404864582837 ], [ 3.317111746609839, 6.463302311052871 ], [ 3.316594405307626, 6.462509928290615 ], [ 3.316076914717883, 6.461476287100993 ], [ 3.315823841896815, 6.460844578114859 ], [ 3.315559164224112, 6.460017570554498 ], [ 3.315469131295401, 6.459792832673145 ], [ 3.315561577105143, 6.459793440614817 ], [ 3.316100568686352, 6.459834591793026 ], [ 3.317157326049823, 6.459987114114085 ], [ 3.318413270655981, 6.460308008407935 ], [ 3.319730665038207, 6.460935218985242 ], [ 3.321094197339391, 6.461868755738521 ], [ 3.323775392020764, 6.463827757045408 ], [ 3.325276814673316, 6.464837783836686 ], [ 3.327940338575786, 6.466703842908089 ], [ 3.328825152758668, 6.467358114085755 ], [ 3.330353424670875, 6.468414062059367 ], [ 3.333715507764509, 6.47081774034649 ], [ 3.333898716752401, 6.470967571895983 ], [ 3.334580527869093, 6.471464956342686 ], [ 3.337499277569634, 6.473546265447851 ], [ 3.338161888160641, 6.474044785738329 ], [ 3.338739720561705, 6.474479520713373 ], [ 3.33877777267611, 6.474598510013266 ], [ 3.341077440771301, 6.476248480882759 ], [ 3.341652004136733, 6.476654020266892 ], [ 3.342900655241067, 6.477434392583177 ], [ 3.34357472319499, 6.477778590109892 ], [ 3.344509173659503, 6.47817622355393 ], [ 3.344984309778113, 6.478372747904018 ], [ 3.345712182371358, 6.478641375399206 ], [ 3.346860965561177, 6.478931631589603 ], [ 3.348017322841201, 6.479099337164712 ], [ 3.348231463111574, 6.478716243060205 ], [ 3.348767058852729, 6.478118477186001 ], [ 3.349073136815832, 6.477811908193075 ], [ 3.350490139208603, 6.478415989106679 ], [ 3.35141689057707, 6.478744684119931 ], [ 3.351723175384279, 6.478736813253363 ], [ 3.352297403302543, 6.478644506838577 ], [ 3.352840853722455, 6.478337770571727 ], [ 3.352809979996607, 6.477985480945222 ], [ 3.352725527361258, 6.47766386359649 ], [ 3.353223192396456, 6.477586928394089 ], [ 3.353468154231962, 6.47748719178054 ], [ 3.353812188981408, 6.476713398004961 ], [ 3.354248167718822, 6.476023787967506 ], [ 3.354408655335249, 6.475571797700354 ], [ 3.35465335816599, 6.475104430824899 ], [ 3.355104821430416, 6.474659895937521 ], [ 3.355564068327112, 6.474399170785148 ], [ 3.3554793521904, 6.47370226634655 ], [ 3.355531165730781, 6.473337917710808 ], [ 3.356227864224593, 6.47319191007864 ], [ 3.357361011801288, 6.473037935352465 ], [ 3.358547776958403, 6.472906897835117 ], [ 3.358930698393067, 6.472998535154318 ], [ 3.359228034945886, 6.472975984653999 ], [ 3.359716786800334, 6.473837270773458 ], [ 3.360100016702461, 6.474363553135504 ], [ 3.361335032285979, 6.474783917843581 ], [ 3.362655510443517, 6.474246850811539 ], [ 3.363353890669543, 6.4738936852454 ], [ 3.364408932126537, 6.475895891782045 ], [ 3.364495326398242, 6.476246227181662 ], [ 3.364460226758126, 6.476264005879216 ], [ 3.366272328305342, 6.480551709893518 ], [ 3.366348969429453, 6.480647390564684 ], [ 3.368290469029944, 6.481182112164788 ], [ 3.36866170017737, 6.481417290275772 ], [ 3.36906402268653, 6.481853556796239 ], [ 3.369098765295803, 6.482244137756823 ], [ 3.368134699257041, 6.483278795180297 ], [ 3.366252225759638, 6.484968954054011 ], [ 3.365249721797284, 6.485896960876119 ], [ 3.364454329004104, 6.487245506874672 ], [ 3.364209481382488, 6.48750608723617 ], [ 3.363625893320375, 6.489095345773649 ], [ 3.363292387833496, 6.490003560316097 ], [ 3.365345008565328, 6.490614798933848 ], [ 3.366895052164978, 6.495101816095996 ], [ 3.367600150326723, 6.4959437883752 ], [ 3.368030637803713, 6.49824115600461 ], [ 3.367327203387788, 6.499696864318878 ], [ 3.367175307894172, 6.501427892882987 ], [ 3.367988713208604, 6.503770936179819 ], [ 3.368709632243792, 6.505286879286075 ], [ 3.369145226970716, 6.505637175115567 ], [ 3.37206335973633, 6.506423904739449 ], [ 3.37171937534896, 6.507251323290006 ], [ 3.371124496298535, 6.508629310394383 ], [ 3.370883861101333, 6.509422185985159 ], [ 3.370441155435003, 6.510519046816626 ], [ 3.369450642133472, 6.512973149191509 ], [ 3.367936905963461, 6.516397796321314 ], [ 3.367580777131195, 6.516340612929014 ], [ 3.367350986858582, 6.516263425017087 ], [ 3.367075279000971, 6.516225330634541 ], [ 3.366707717087536, 6.516240915885589 ], [ 3.36631727012599, 6.516379059845804 ], [ 3.366003450798644, 6.516586079284195 ], [ 3.365850378092546, 6.516701073795559 ], [ 3.365597904219953, 6.517022932162661 ], [ 3.365475556851493, 6.517268106238134 ] ] ] } },
{ "type": "Feature", "properties": { "admin2Name": "Shomolu" }, "geometry": { "type": "Polygon", "coordinates": [ [ [ 3.399848308252899, 6.523963336738632 ], [ 3.400173891611871, 6.524488199970506 ], [ 3.400250791740689, 6.524524670177414 ], [ 3.400417204090729, 6.525143632172956 ], [ 3.400366588447355, 6.525692560363439 ], [ 3.400245687188772, 6.526133042905656 ], [ 3.400260462150641, 6.526523847797364 ], [ 3.400245770825734, 6.527042537183377 ], [ 3.400335656265554, 6.527725384319069 ], [ 3.400351954679024, 6.528159374655445 ], [ 3.400335941350647, 6.528242379382334 ], [ 3.400358407314684, 6.528406708003217 ], [ 3.400382875169612, 6.529083224811018 ], [ 3.400373720071173, 6.52960818606897 ], [ 3.400482316805551, 6.529745320989832 ], [ 3.400871907612498, 6.530137529723277 ], [ 3.401117777763261, 6.530359122675407 ], [ 3.401488129373718, 6.530630080313983 ], [ 3.401478633432248, 6.530725823937701 ], [ 3.40142478292745, 6.531220504123041 ], [ 3.40131519783813, 6.531846068041659 ], [ 3.401227787332573, 6.53226897243519 ], [ 3.401089432031711, 6.53282913855395 ], [ 3.400995544608747, 6.533133973654003 ], [ 3.400736118077418, 6.533920812995177 ], [ 3.40059921877895, 6.534307058324146 ], [ 3.400502029045469, 6.534471482273148 ], [ 3.400463844730723, 6.534605543311216 ], [ 3.400454375768902, 6.534736390172327 ], [ 3.400478403855288, 6.534857636770596 ], [ 3.400408281017405, 6.534951832661022 ], [ 3.40037325062508, 6.535039619083193 ], [ 3.400358961297059, 6.535125793020995 ], [ 3.400355827159729, 6.535197597591093 ], [ 3.400381420066537, 6.535280549258005 ], [ 3.400368773799926, 6.535428949986112 ], [ 3.400329099308522, 6.535693851590054 ], [ 3.400230437384835, 6.536013050661779 ], [ 3.400130106319409, 6.536241302194412 ], [ 3.400087229342205, 6.536491845222542 ], [ 3.40009697889252, 6.536715222429621 ], [ 3.400100288397653, 6.536863609667876 ], [ 3.400162585335067, 6.536959296634279 ], [ 3.400267961597194, 6.537058141120383 ], [ 3.399989977555492, 6.538588545325183 ], [ 3.399818419284657, 6.539530086944012 ], [ 3.399762032691683, 6.539846698666281 ], [ 3.399626991392608, 6.540564828004449 ], [ 3.399402634823787, 6.541825531822894 ], [ 3.399347502785076, 6.542164893694917 ], [ 3.39931447967956, 6.542367340080716 ], [ 3.399296513023728, 6.542519434324504 ], [ 3.399268922722626, 6.542650247910672 ], [ 3.399168644717236, 6.54294710962148 ], [ 3.398748406813581, 6.544158506310055 ], [ 3.398581206657411, 6.544565516985074 ], [ 3.398504219294352, 6.544737425092137 ], [ 3.397913692962618, 6.546087773332147 ], [ 3.397403596598735, 6.547466776670433 ], [ 3.397042993639275, 6.549046709238269 ], [ 3.396957370086625, 6.54971884544841 ], [ 3.396928838195379, 6.549954377892277 ], [ 3.396964773305683, 6.550000782010557 ], [ 3.396967208669764, 6.550055827714345 ], [ 3.39696107979006, 6.550072866269829 ], [ 3.396775741207534, 6.550221389305705 ], [ 3.396402513565192, 6.550365288027649 ], [ 3.396067479230851, 6.550384699894039 ], [ 3.395100636984864, 6.55040460908549 ], [ 3.393837029255565, 6.550415175220223 ], [ 3.393578539817781, 6.55038665681883 ], [ 3.392726428581852, 6.550224572006414 ], [ 3.391395512892643, 6.549852240088853 ], [ 3.387789075905175, 6.54890748789029 ], [ 3.387180107176277, 6.548729887973991 ], [ 3.38590472912, 6.548368986439641 ], [ 3.384468520805626, 6.547996715675936 ], [ 3.383009454422847, 6.547773807015631 ], [ 3.382130691778059, 6.547803196860116 ], [ 3.381165882899211, 6.547976255200069 ], [ 3.38090483309162, 6.548046371742714 ], [ 3.380115000806711, 6.548258517316754 ], [ 3.37899301111861, 6.548767070444001 ], [ 3.378755985800126, 6.548946311623013 ], [ 3.378258372026323, 6.549322614047469 ], [ 3.377837268974815, 6.549641056789369 ], [ 3.377662158381952, 6.549813157351366 ], [ 3.376000632123521, 6.55144610855109 ], [ 3.374209931742996, 6.553251119843367 ], [ 3.372132260395574, 6.555366524945214 ], [ 3.370559634819358, 6.556953083717872 ], [ 3.370043006679452, 6.557378534991471 ], [ 3.369526310191134, 6.557712079149155 ], [ 3.368825827350122, 6.558068734084884 ], [ 3.368228605565719, 6.558252986286334 ], [ 3.367619870660576, 6.558402781862924 ], [ 3.366925915098932, 6.558478963433458 ], [ 3.366864548959825, 6.556946960234086 ], [ 3.366892155448681, 6.555424729967342 ], [ 3.366954206871185, 6.553005743420385 ], [ 3.366994156555108, 6.550909084686566 ], [ 3.367005914291553, 6.549530470754689 ], [ 3.367046112188348, 6.547772081216635 ], [ 3.367056559612593, 6.546955270169633 ], [ 3.367079732443756, 6.54574563435358 ], [ 3.367127940602018, 6.543748404665166 ], [ 3.367174912192468, 6.541433143225049 ], [ 3.367207088136638, 6.539614124991942 ], [ 3.367213611818784, 6.539281683403033 ], [ 3.367244006205965, 6.537732874572555 ], [ 3.367259858555656, 6.536674204351073 ], [ 3.367269573931765, 6.536199969353163 ], [ 3.367325278838621, 6.532703039213914 ], [ 3.367373889893145, 6.530961434622554 ], [ 3.36743548086281, 6.528100517624864 ], [ 3.367442072893425, 6.527751270404849 ], [ 3.367467753034418, 6.526868081296982 ], [ 3.367495208437163, 6.525135228907743 ], [ 3.367499146568434, 6.524790150944739 ], [ 3.36750128155893, 6.524603154012368 ], [ 3.367503741204757, 6.524388646818636 ], [ 3.367649187659936, 6.524512031105417 ], [ 3.367834361666496, 6.52466028794197 ], [ 3.368054683876608, 6.524875534378452 ], [ 3.368177644582659, 6.525033410363619 ], [ 3.368232028385478, 6.525223248254349 ], [ 3.368289528339119, 6.525314155324054 ], [ 3.36861488776691, 6.525175098551983 ], [ 3.368948493078562, 6.525401431830687 ], [ 3.369108112849176, 6.525511411722334 ], [ 3.369155926205053, 6.525444361867869 ], [ 3.369213347917707, 6.525426768430691 ], [ 3.369302712650097, 6.525458615222988 ], [ 3.369716155276365, 6.525775837584888 ], [ 3.370262041060414, 6.526128066956801 ], [ 3.370638707710214, 6.526335218595534 ], [ 3.371165005360751, 6.526082724937851 ], [ 3.371624323303934, 6.525868574774961 ], [ 3.372330817213481, 6.525504254917507 ], [ 3.372581650722623, 6.52598594439587 ], [ 3.372727009943617, 6.526226772947268 ], [ 3.373126201912726, 6.52668760894602 ], [ 3.373555653370772, 6.527075024292969 ], [ 3.373839797768483, 6.52729500655937 ], [ 3.374084057233517, 6.527513424005349 ], [ 3.374299595949651, 6.527727075044538 ], [ 3.374550183044562, 6.52787368522246 ], [ 3.374559330948387, 6.527923222578693 ], [ 3.375046058428893, 6.528094388745103 ], [ 3.375205645823939, 6.528158094920173 ], [ 3.375754365371733, 6.528556588116089 ], [ 3.375933986963958, 6.528741942886427 ], [ 3.376065772717311, 6.52896273724059 ], [ 3.376076182369957, 6.528977825166521 ], [ 3.376122996579056, 6.528939725388057 ], [ 3.376615229709159, 6.528470648002042 ], [ 3.377059655778567, 6.528077396954359 ], [ 3.37737448414515, 6.527724133362085 ], [ 3.377647457164471, 6.527402812789603 ], [ 3.378182103221548, 6.52764973065058 ], [ 3.37846736997318, 6.527767192901706 ], [ 3.378738628884662, 6.527820841058997 ], [ 3.379235189552389, 6.527808499662569 ], [ 3.379226772797381, 6.527224114801129 ], [ 3.379234206593424, 6.526502096794388 ], [ 3.37956324964432, 6.526489883101647 ], [ 3.379914258636177, 6.526517540851899 ], [ 3.380428794053671, 6.526541086901716 ], [ 3.380923003893543, 6.526568779725437 ], [ 3.380946315220342, 6.526480163228996 ], [ 3.381034158299826, 6.526185227865994 ], [ 3.38113726557242, 6.525822628411618 ], [ 3.381236574108641, 6.525498325687238 ], [ 3.381316758561582, 6.525203396619531 ], [ 3.381340943130056, 6.525116577867834 ], [ 3.381552745163106, 6.525028339985965 ], [ 3.382162653683565, 6.524803217194744 ], [ 3.38209226464636, 6.524549248648952 ], [ 3.382043641001303, 6.524385895792477 ], [ 3.382045169848766, 6.524038119863405 ], [ 3.382182490929267, 6.524031937923667 ], [ 3.383845688128076, 6.524030675275469 ], [ 3.384667316843263, 6.524032043144302 ], [ 3.385469003092055, 6.524033425402308 ], [ 3.386079011437289, 6.524036723216227 ], [ 3.38743109896609, 6.52402611211545 ], [ 3.388041314155373, 6.523996921920457 ], [ 3.388852490050397, 6.523890987179357 ], [ 3.389656498348756, 6.523801810405303 ], [ 3.390202072068007, 6.523736766038951 ], [ 3.390513151161031, 6.523707804271794 ], [ 3.392702770116784, 6.523636694877609 ], [ 3.394016542929137, 6.523597374719088 ], [ 3.395356617314064, 6.52352931132873 ], [ 3.396017075827444, 6.523488105291847 ], [ 3.396179803655059, 6.523485583592844 ], [ 3.396493399950486, 6.523614581447816 ], [ 3.396739876244339, 6.52360002681985 ], [ 3.397082099759132, 6.523616511392959 ], [ 3.397464981623671, 6.523601848846283 ], [ 3.397766469447049, 6.523548956119498 ], [ 3.398032046441813, 6.523479337801234 ], [ 3.398058442443187, 6.523570267353989 ], [ 3.39811527420062, 6.523636583361679 ], [ 3.398209291125909, 6.523677850552417 ], [ 3.398403335145872, 6.523936185306752 ], [ 3.398542239932453, 6.524070106050601 ], [ 3.398604455930922, 6.524065270395965 ], [ 3.398647492088116, 6.524014974911211 ], [ 3.398862835651414, 6.523971722916713 ], [ 3.398927502302456, 6.524038688234896 ], [ 3.399092659198914, 6.524081638057226 ], [ 3.399372675708491, 6.524114923764785 ], [ 3.399848308252899, 6.523963336738632 ] ] ] } },
{ "type": "Feature", "properties": { "admin2Name": "Agege" }, "geometry": { "type": "Polygon", "coordinates": [ [ [ 3.315837909991615, 6.605385264018764 ], [ 3.316426249172082, 6.605524147221672 ], [ 3.316989346181401, 6.605753557081016 ], [ 3.317908806746061, 6.606315903156428 ], [ 3.319311015291191, 6.607211101810947 ], [ 3.320023609302154, 6.607658691695292 ], [ 3.3205177840685, 6.607899630863301 ], [ 3.321149772743865, 6.608060060923094 ], [ 3.321896644414664, 6.608208928399392 ], [ 3.323321273957674, 6.608230981574593 ], [ 3.325285887034113, 6.608264168356754 ], [ 3.325998208550516, 6.608286679286891 ], [ 3.326572612735959, 6.608228860073893 ], [ 3.327261813581856, 6.608033104644107 ], [ 3.328031285215673, 6.607607528364781 ], [ 3.328777587615605, 6.60689475538868 ], [ 3.329293929771097, 6.605906411251908 ], [ 3.329569143900926, 6.605125018205058 ], [ 3.329855943996677, 6.604492965677878 ], [ 3.330165865662195, 6.604079178611244 ], [ 3.330831861301419, 6.603550271128142 ], [ 3.33200319679014, 6.602779768871301 ], [ 3.332519942741214, 6.602411795967669 ], [ 3.333082450694576, 6.601756581401162 ], [ 3.33310783316, 6.601838874764326 ], [ 3.333128505875891, 6.601905900337101 ], [ 3.333066453554011, 6.602054004288902 ], [ 3.333097398326345, 6.602364449359925 ], [ 3.333030557114569, 6.605491251819842 ], [ 3.332993139022221, 6.611098569743262 ], [ 3.332994236195077, 6.612737579675638 ], [ 3.332995035692363, 6.613932372181296 ], [ 3.333255514430505, 6.614024103929296 ], [ 3.333944860966596, 6.614038959830168 ], [ 3.335599384204272, 6.614206343448018 ], [ 3.335731116897591, 6.614195815984147 ], [ 3.335702219881568, 6.614476097793727 ], [ 3.335476103339545, 6.616669249286474 ], [ 3.335476219352074, 6.616841574678972 ], [ 3.335584609242346, 6.616930816204274 ], [ 3.336228170393781, 6.617190785026764 ], [ 3.336764484693276, 6.617427849016053 ], [ 3.336822006230648, 6.617538864027381 ], [ 3.336638682129546, 6.618278074373677 ], [ 3.335958675052836, 6.620760025155107 ], [ 3.335966598979383, 6.621150625001405 ], [ 3.335917236990952, 6.621778689934615 ], [ 3.335817855609605, 6.62206213735783 ], [ 3.33548919387124, 6.623088655017455 ], [ 3.334755382155208, 6.625306408364111 ], [ 3.334602512695881, 6.625781363719 ], [ 3.334939594786533, 6.625876872619642 ], [ 3.335322634032366, 6.62597235184262 ], [ 3.336138522374938, 6.626197738135147 ], [ 3.336414322862765, 6.626285628878691 ], [ 3.336598242315063, 6.626419535233424 ], [ 3.33667874422872, 6.62653436516888 ], [ 3.336621324314706, 6.626572697871779 ], [ 3.334917402216377, 6.627041045008241 ], [ 3.333826134268747, 6.627355795133894 ], [ 3.333389629427927, 6.627486290360082 ], [ 3.33197288783856, 6.627889333226221 ], [ 3.330173238304326, 6.628396022058837 ], [ 3.329407405327515, 6.628576515993473 ], [ 3.328683684904206, 6.628737832784793 ], [ 3.327906344202461, 6.628891526023153 ], [ 3.327416160627365, 6.62893397312439 ], [ 3.326979559559049, 6.628922772967655 ], [ 3.326477805306524, 6.62883885542891 ], [ 3.325926258290224, 6.628747309840548 ], [ 3.325550867778361, 6.62863650167327 ], [ 3.32509887481325, 6.628514255028904 ], [ 3.324731147424586, 6.628407270778951 ], [ 3.324696812208174, 6.628371555103229 ], [ 3.324639170161618, 6.62831159460444 ], [ 3.324645264867115, 6.628213672822767 ], [ 3.324618097247424, 6.628225034857508 ], [ 3.324480241969638, 6.628250017124628 ], [ 3.324384437192066, 6.628156258304728 ], [ 3.324049224791963, 6.627991810074036 ], [ 3.323378839561826, 6.627722268867672 ], [ 3.322574685573329, 6.627355057689783 ], [ 3.322414186265746, 6.627895116766297 ], [ 3.322230783024281, 6.628550074126679 ], [ 3.322064754684732, 6.629423299645623 ], [ 3.321915720833886, 6.629928885909408 ], [ 3.321737971630114, 6.630445978998807 ], [ 3.321319291352268, 6.631497439355371 ], [ 3.321130037121577, 6.631991561961058 ], [ 3.32093636002503, 6.632459839849787 ], [ 3.318206208949448, 6.639199542724782 ], [ 3.316026646212777, 6.644611973064173 ], [ 3.315814380129609, 6.645071644440861 ], [ 3.315625090825336, 6.645528428993828 ], [ 3.315405224571521, 6.646083841296274 ], [ 3.315128007651481, 6.646792469297054 ], [ 3.314774203566685, 6.6475202924276 ], [ 3.314487191230967, 6.647884274139983 ], [ 3.314090012843849, 6.648162161954247 ], [ 3.31365350440575, 6.648323277297436 ], [ 3.313274381707402, 6.648386702884068 ], [ 3.312251744622358, 6.648312674290537 ], [ 3.309574520447825, 6.648142029730934 ], [ 3.308052052760047, 6.64802809641958 ], [ 3.307641752365043, 6.64800467177821 ], [ 3.307592449731828, 6.647925150125616 ], [ 3.306946121366479, 6.647877682109367 ], [ 3.306024227236321, 6.64782754490534 ], [ 3.306253430251672, 6.646870035823554 ], [ 3.306214681162658, 6.646142460905878 ], [ 3.305754251657447, 6.644783284021401 ], [ 3.305351569419429, 6.643902755108115 ], [ 3.30502548603738, 6.643022177631451 ], [ 3.304584400949409, 6.641969344909398 ], [ 3.304460228856499, 6.641416700720185 ], [ 3.303938632861673, 6.640222226574565 ], [ 3.303386298039243, 6.638859274336085 ], [ 3.302619091797681, 6.63683778183821 ], [ 3.302097524581143, 6.635673941299387 ], [ 3.301826060624251, 6.634848440103497 ], [ 3.300567947752654, 6.63166308278511 ], [ 3.29855913029968, 6.626424428444693 ], [ 3.298114105281797, 6.625137992324539 ], [ 3.298036921866526, 6.624157691724122 ], [ 3.298327080030788, 6.622656364399745 ], [ 3.299107525192198, 6.621292601872142 ], [ 3.300546712061134, 6.619989711755863 ], [ 3.301085163149821, 6.619347950147812 ], [ 3.301728283633452, 6.618903340616725 ], [ 3.30252438599166, 6.618121643599011 ], [ 3.303213263980979, 6.617355330384214 ], [ 3.303840631040316, 6.616206104728008 ], [ 3.304238224014853, 6.615072336619107 ], [ 3.304325326053004, 6.614816753790194 ], [ 3.304666377751175, 6.613816008002402 ], [ 3.30517097206274, 6.612314544880405 ], [ 3.305507445312401, 6.611441217738047 ], [ 3.305859471437486, 6.610950829117542 ], [ 3.306266054934554, 6.610407852640321 ], [ 3.306793316658286, 6.609969052729639 ], [ 3.307917543859617, 6.609305654332502 ], [ 3.308079602591647, 6.609210023124092 ], [ 3.309273995798321, 6.608485512196694 ], [ 3.309934343695033, 6.60806577431606 ], [ 3.310186994734067, 6.607899034612785 ], [ 3.310288065941563, 6.607849955011488 ], [ 3.312217422895799, 6.606623316612797 ], [ 3.313159133587192, 6.606032987232595 ], [ 3.3137988303518, 6.605668018963968 ], [ 3.314332935016978, 6.605472378647391 ], [ 3.314780932294241, 6.605368701204668 ], [ 3.31530364614639, 6.605328160666147 ], [ 3.315837909991615, 6.605385264018764 ] ] ] } },
{ "type": "Feature", "properties": { "admin2Name": "Epe" }, "geometry": { "type": "Polygon", "coordinates": [ [ [ 4.085006975891247, 6.679777243025399 ], [ 4.073190353651967, 6.679943486302875 ], [ 4.063234023131713, 6.680204381427131 ], [ 4.047653355917703, 6.680668516139178 ], [ 4.040090365977676, 6.680899920694856 ], [ 4.022140408752932, 6.681583630280386 ], [ 4.002442878136378, 6.682198459891083 ], [ 4.000431134289443, 6.682252326583637 ], [ 3.993928764301074, 6.682460771447495 ], [ 3.989425280552325, 6.682573222676126 ], [ 3.982532114665389, 6.682713381117708 ], [ 3.981811651586497, 6.684391906361441 ], [ 3.978807413231607, 6.691934445718118 ], [ 3.968090017940028, 6.69046525566705 ], [ 3.967793826224124, 6.690424653075354 ], [ 3.958791734850706, 6.689341450247753 ], [ 3.941890888054104, 6.686888625809502 ], [ 3.933002855897143, 6.685335660312546 ], [ 3.914000271895077, 6.681637999693976 ], [ 3.912122878667958, 6.681201142318912 ], [ 3.903000777264083, 6.68157065576122 ], [ 3.898260141392484, 6.681762687997718 ], [ 3.887843504574107, 6.681973030431038 ], [ 3.867316840399894, 6.682583972272539 ], [ 3.862319108140355, 6.682688476192254 ], [ 3.83817203601069, 6.682711025793253 ], [ 3.827308419947656, 6.682847994339511 ], [ 3.817146561064988, 6.682976113556833 ], [ 3.799835189942087, 6.682774790424276 ], [ 3.792520310364068, 6.682901492310066 ], [ 3.774634455016155, 6.6827576421515 ], [ 3.764619263867985, 6.6827732948517 ], [ 3.757246601049872, 6.682727251361598 ], [ 3.755180387065252, 6.683994056180779 ], [ 3.754265342171834, 6.683987169172553 ], [ 3.740453654912301, 6.684008135966735 ], [ 3.724774966091843, 6.684127197212433 ], [ 3.699014341138991, 6.684149117287973 ], [ 3.699150216109615, 6.678692261338824 ], [ 3.697083806972159, 6.673166724165014 ], [ 3.695045668922546, 6.670680594234113 ], [ 3.692505320664054, 6.668506284437512 ], [ 3.690606626094961, 6.663004403030811 ], [ 3.690962958174055, 6.661065347787599 ], [ 3.69079051766829, 6.657571400699624 ], [ 3.689952086919334, 6.657093917350437 ], [ 3.689606330867548, 6.656122740372211 ], [ 3.688361015348619, 6.655675314164455 ], [ 3.687343279568722, 6.653628080371675 ], [ 3.686495845706759, 6.650106346031066 ], [ 3.683955982182852, 6.641245138852128 ], [ 3.683762807807398, 6.640020042790809 ], [ 3.684090500076593, 6.63880685824995 ], [ 3.685847743878298, 6.638402356683457 ], [ 3.687282199414028, 6.637205643225911 ], [ 3.689461085860501, 6.634330678817832 ], [ 3.690836123188603, 6.631732532930073 ], [ 3.690087374632697, 6.630309093190135 ], [ 3.689981661124818, 6.628643514586599 ], [ 3.691027112211486, 6.628630573342321 ], [ 3.691612599641815, 6.628319587778776 ], [ 3.691842037380184, 6.628078026279923 ], [ 3.692610235573966, 6.626974130951453 ], [ 3.693163198123159, 6.628053206790128 ], [ 3.694104896224019, 6.627787672962768 ], [ 3.694770576201165, 6.627315743826557 ], [ 3.695871807737774, 6.626119477332054 ], [ 3.696812759401382, 6.625325502769783 ], [ 3.697076188815117, 6.624750746050154 ], [ 3.697190284004478, 6.624187685913 ], [ 3.697097536921831, 6.623590454236137 ], [ 3.69695832096977, 6.622625678632232 ], [ 3.698185685121302, 6.621268402015176 ], [ 3.698576017868959, 6.621072561149845 ], [ 3.698954004723589, 6.620267889151819 ], [ 3.699457653847674, 6.618957577829974 ], [ 3.699709750904333, 6.618497713099032 ], [ 3.699697664915334, 6.618072683607522 ], [ 3.699593848976974, 6.617774149157697 ], [ 3.699489807308794, 6.617314785349095 ], [ 3.699581197314444, 6.616947048967177 ], [ 3.69969523944377, 6.616349525909925 ], [ 3.69946447070879, 6.615637610887063 ], [ 3.699406075030367, 6.614959916866724 ], [ 3.699485929432171, 6.614557732853143 ], [ 3.69935907196367, 6.61421327901968 ], [ 3.699301017128278, 6.613776826339517 ], [ 3.699691554022024, 6.613730325993799 ], [ 3.700047270964831, 6.61343114493144 ], [ 3.700138287751827, 6.612799191329657 ], [ 3.699907843672122, 6.612317029707185 ], [ 3.700022208658027, 6.6119492609497 ], [ 3.699859854049066, 6.610869641920488 ], [ 3.700604891102898, 6.60966238121398 ], [ 3.698649238871326, 6.607769651848002 ], [ 3.696959210399314, 6.606864487805922 ], [ 3.70070277421371, 6.597577137774749 ], [ 3.694787237041396, 6.59283601177259 ], [ 3.689902134975569, 6.590832430172554 ], [ 3.687502916426524, 6.586527820702429 ], [ 3.683959174776135, 6.585288176308325 ], [ 3.682566963094928, 6.582274532843485 ], [ 3.678879407258876, 6.580843580167141 ], [ 3.675378416680644, 6.575774537065286 ], [ 3.669534980854735, 6.572814701837046 ], [ 3.664199574750626, 6.565402216139432 ], [ 3.662293367245127, 6.562150210064203 ], [ 3.657166098436733, 6.55765754426028 ], [ 3.650365903563625, 6.554842302930012 ], [ 3.641794191748602, 6.551502700189531 ], [ 3.635467687783603, 6.544665860641032 ], [ 3.634074262017634, 6.540359650377638 ], [ 3.63292474408172, 6.539690969362766 ], [ 3.62898151728325, 6.524809461187715 ], [ 3.616190593820875, 6.513378871138059 ], [ 3.62402721508397, 6.508602286666246 ], [ 3.626957527368063, 6.505316216070582 ], [ 3.628993999873217, 6.498905954646148 ], [ 3.628977640305891, 6.498063526410647 ], [ 3.628455029875795, 6.496517129561937 ], [ 3.627152076806965, 6.495523123293538 ], [ 3.625359431192862, 6.494820744681647 ], [ 3.621881576573571, 6.493599644308176 ], [ 3.619858647858337, 6.492422690754609 ], [ 3.619122384590412, 6.49145860133342 ], [ 3.618860583848914, 6.490264172153843 ], [ 3.618966363007303, 6.489099926920119 ], [ 3.618968568144965, 6.488604038945311 ], [ 3.620209663145488, 6.488227313839502 ], [ 3.621524665331094, 6.487419734333344 ], [ 3.624985818640653, 6.486720353161843 ], [ 3.630620325767495, 6.485855609149098 ], [ 3.632104190056396, 6.484960174872242 ], [ 3.639943676559483, 6.480210634812977 ], [ 3.642959591711815, 6.482231418645085 ], [ 3.644360557393838, 6.485044183242508 ], [ 3.644937484177603, 6.487130423330427 ], [ 3.646528508983579, 6.488851585432371 ], [ 3.648463429143987, 6.490036197612483 ], [ 3.651528978779368, 6.49215752924664 ], [ 3.654317411319539, 6.493403397848567 ], [ 3.656900809225021, 6.492729927044536 ], [ 3.65905485999383, 6.493110057882916 ], [ 3.661439734356293, 6.49246322769585 ], [ 3.664185690117563, 6.492686878296865 ], [ 3.665477003261117, 6.492141579770134 ], [ 3.667007243789328, 6.49151175036701 ], [ 3.672470391395507, 6.490234338943651 ], [ 3.682139080953846, 6.487454068650379 ], [ 3.721157110412378, 6.494976934438 ], [ 3.78827963369821, 6.500125449729751 ], [ 3.804477928313815, 6.504467349588538 ], [ 3.822334186973194, 6.508076325362197 ], [ 3.846796663035605, 6.512774479958352 ], [ 3.849619552200636, 6.512386826291049 ], [ 3.866354436308256, 6.511528051078756 ], [ 3.86338451428395, 6.521067633964208 ], [ 3.860952527137442, 6.526183662146366 ], [ 3.855022649375826, 6.534800822100294 ], [ 3.853351089381306, 6.536861811923131 ], [ 3.877311896626793, 6.537329876672516 ], [ 3.884473879765778, 6.5370704168663 ], [ 3.886425791716988, 6.536664926944866 ], [ 3.894947392408255, 6.532859053602465 ], [ 3.893304990233162, 6.52048521142342 ], [ 3.894674048868296, 6.515284802551662 ], [ 3.895259122610469, 6.503422321183223 ], [ 3.903088873952413, 6.507300178960122 ], [ 3.910499710293436, 6.508866372585089 ], [ 3.916324737896389, 6.506788150852515 ], [ 3.92090521980009, 6.506335862010474 ], [ 3.929009077307114, 6.510025639171943 ], [ 3.940602312446799, 6.510456336190998 ], [ 3.948125195321552, 6.506542462364791 ], [ 3.948647831832034, 6.500383247588843 ], [ 3.951662264901643, 6.501142218738437 ], [ 3.952718190392204, 6.500772645940913 ], [ 3.95697007081219, 6.501667423712661 ], [ 3.959244514722627, 6.502276604681583 ], [ 3.960438603059117, 6.502090545742135 ], [ 3.962095270280543, 6.502570810694408 ], [ 3.964407313047104, 6.502428563127751 ], [ 3.966337223983771, 6.502654621213821 ], [ 3.967943887100773, 6.502008274862021 ], [ 3.9695342131335, 6.501868135306268 ], [ 3.970745152966458, 6.501451529764324 ], [ 3.971260650658564, 6.500761319879075 ], [ 3.972120748773591, 6.500099165244308 ], [ 3.973317389386068, 6.498299897921981 ], [ 3.974670494947418, 6.49716507400899 ], [ 3.975443395696175, 6.495957449976402 ], [ 3.97742269020506, 6.49500595556043 ], [ 3.979142792006314, 6.493652912052312 ], [ 3.982738062111935, 6.492498344423097 ], [ 3.988611779909775, 6.4906191903234 ], [ 3.993032562902499, 6.49020850321989 ], [ 3.999066208039096, 6.492350441020108 ], [ 4.001984678949839, 6.487233000003016 ], [ 4.004134123391111, 6.480423391926024 ], [ 4.006668160207482, 6.477776575628525 ], [ 4.012113354647624, 6.472835961110775 ], [ 4.016780360325413, 6.471701386309974 ], [ 4.01986397464276, 6.472246119163117 ], [ 4.021948076142849, 6.471633586420921 ], [ 4.024985446421283, 6.468698323368983 ], [ 4.025843502175917, 6.467088435283131 ], [ 4.027315568258928, 6.465769763863534 ], [ 4.030089583767335, 6.465141949841154 ], [ 4.034589867728243, 6.466329358912844 ], [ 4.039048717224546, 6.466429850956899 ], [ 4.04104729859398, 6.465215365097094 ], [ 4.042944877104446, 6.46234406812431 ], [ 4.043288665439604, 6.461525430554218 ], [ 4.04476883981016, 6.45999082381752 ], [ 4.05374846971614, 6.452266623206128 ], [ 4.056370888305878, 6.447810083168861 ], [ 4.062165007109456, 6.443088188269314 ], [ 4.06735598209292, 6.438310681992448 ], [ 4.068354955316977, 6.435532641118527 ], [ 4.070568110429974, 6.434503473156838 ], [ 4.07320164913682, 6.435455172618163 ], [ 4.076685717172154, 6.438147516194988 ], [ 4.078070531929541, 6.436852344959789 ], [ 4.081275916250604, 6.436701988206266 ], [ 4.082617024855836, 6.437369202426794 ], [ 4.091651338938163, 6.433329660035838 ], [ 4.096096256137344, 6.431118549081816 ], [ 4.099293355903683, 6.427139238784889 ], [ 4.102652296766109, 6.425006688108226 ], [ 4.106271254115143, 6.423678229366828 ], [ 4.109060151604751, 6.423461302097451 ], [ 4.109953717090434, 6.422952347872581 ], [ 4.110770898658075, 6.423157665793667 ], [ 4.113654144023599, 6.423882073299069 ], [ 4.118154954987233, 6.425451657368114 ], [ 4.126345077263579, 6.429406105907105 ], [ 4.127664261296673, 6.42989766274701 ], [ 4.129649629826588, 6.430882486937264 ], [ 4.130833551327385, 6.431217352199099 ], [ 4.131952101108652, 6.430755418128115 ], [ 4.136138863417841, 6.431854574928764 ], [ 4.136701031427492, 6.431635082792866 ], [ 4.141826268667387, 6.43339257121022 ], [ 4.143866111831642, 6.433818205945499 ], [ 4.147211163564407, 6.431992028209606 ], [ 4.148322594312333, 6.431221559227652 ], [ 4.152685061666318, 6.42819735502394 ], [ 4.156579190876982, 6.423785457333054 ], [ 4.159612461146196, 6.421236280430037 ], [ 4.167825561100813, 6.420941943116247 ], [ 4.168689884230844, 6.420641326735904 ], [ 4.172327918898361, 6.421490656368746 ], [ 4.174953654187846, 6.4215305826703 ], [ 4.178651264444341, 6.421652262741759 ], [ 4.179532968771525, 6.422255177234717 ], [ 4.181377072693806, 6.421936967417139 ], [ 4.183210534938269, 6.422087605658533 ], [ 4.184604073119544, 6.422717745327759 ], [ 4.191306205916703, 6.42447298723863 ], [ 4.201780738390426, 6.425107336634312 ], [ 4.210020069770451, 6.419344846087824 ], [ 4.21210861212279, 6.415846002191302 ], [ 4.215432897610185, 6.410276873079283 ], [ 4.224405832063553, 6.401353804234702 ], [ 4.230521713006681, 6.398132659294845 ], [ 4.242919764935266, 6.396607740954551 ], [ 4.255723533414368, 6.394099460721577 ], [ 4.256007881058906, 6.392998027736837 ], [ 4.261312490778892, 6.390735713882123 ], [ 4.27420948657857, 6.382855238078832 ], [ 4.278975245011623, 6.378159915447782 ], [ 4.29289980708046, 6.376991054893324 ], [ 4.329501454428623, 6.372881431932569 ], [ 4.342169901020156, 6.371093365666354 ], [ 4.35083770809382, 6.370382298704158 ], [ 4.359663678935704, 6.367825533321763 ], [ 4.362509352424695, 6.386637690377142 ], [ 4.367156179114431, 6.407146073132822 ], [ 4.3686295177381, 6.438459141176452 ], [ 4.353724428439648, 6.451056359663312 ], [ 4.328378915254802, 6.448060210710196 ], [ 4.321038983262497, 6.451448403820848 ], [ 4.312220063105485, 6.445345477611738 ], [ 4.303115859109653, 6.447359675708526 ], [ 4.293936362073509, 6.449909920106791 ], [ 4.291334057720633, 6.450069662185228 ], [ 4.284765426583192, 6.455905739758123 ], [ 4.28039280318535, 6.455165318924401 ], [ 4.279864048587001, 6.455075785119448 ], [ 4.276268262270548, 6.455927102254009 ], [ 4.265924135090813, 6.452047709334352 ], [ 4.264146198788069, 6.445084003324155 ], [ 4.260086784077885, 6.444175170048084 ], [ 4.250683702990557, 6.449328705355526 ], [ 4.247559350283836, 6.455155923706968 ], [ 4.243810547019166, 6.45608397099852 ], [ 4.238376267650665, 6.456480079192374 ], [ 4.234937720599362, 6.45909192894942 ], [ 4.230750267610802, 6.468597202698788 ], [ 4.224790637577883, 6.473435745962945 ], [ 4.219355940024684, 6.473755115006611 ], [ 4.21414704964667, 6.4724658334315 ], [ 4.204882914714801, 6.472105014634792 ], [ 4.202134878821653, 6.47548079889981 ], [ 4.195782323295646, 6.476184967162567 ], [ 4.183013049212889, 6.482953470826089 ], [ 4.177504071255953, 6.484344640193058 ], [ 4.173446655738644, 6.48443061897791 ], [ 4.1693195580512, 6.487503161741586 ], [ 4.16789159022477, 6.499069323690378 ], [ 4.165389693379666, 6.502661696180382 ], [ 4.164152441182239, 6.504438216050858 ], [ 4.163622323211712, 6.506966422562414 ], [ 4.167609916264666, 6.509713935949435 ], [ 4.173510549872049, 6.51199751787118 ], [ 4.178116448415437, 6.517193893283604 ], [ 4.181723165991343, 6.520707903347102 ], [ 4.18524707129535, 6.521541957095678 ], [ 4.191611261350658, 6.525508836963297 ], [ 4.197897154630027, 6.528710061919867 ], [ 4.208619093296591, 6.529909637919502 ], [ 4.210754619829913, 6.531143792851822 ], [ 4.225640365610445, 6.539746500700517 ], [ 4.232702014986046, 6.54692713937601 ], [ 4.239324706170294, 6.562302049799825 ], [ 4.240955593425952, 6.571563357263187 ], [ 4.235895857407968, 6.578183962919582 ], [ 4.224011258113137, 6.59373482030577 ], [ 4.222408089761586, 6.595729662294104 ], [ 4.21666896000454, 6.597351741589648 ], [ 4.213609710120068, 6.598890673166068 ], [ 4.206331025556437, 6.597223713203846 ], [ 4.193155570872932, 6.59534105624482 ], [ 4.177784630956012, 6.604107106158096 ], [ 4.16329071979095, 6.595181877141954 ], [ 4.156231035433962, 6.588842539851385 ], [ 4.144423231946632, 6.58220766375274 ], [ 4.135845009939317, 6.581384900093099 ], [ 4.131782934135174, 6.579786018809784 ], [ 4.128171862041825, 6.57443385293999 ], [ 4.121270134609063, 6.569931367438699 ], [ 4.119663300620857, 6.564849142973628 ], [ 4.118802361639723, 6.562126097441478 ], [ 4.116797345621023, 6.555774723624666 ], [ 4.109519558580814, 6.554182759926505 ], [ 4.101334211704568, 6.557723325171366 ], [ 4.100973723858317, 6.567908835324545 ], [ 4.098761843084617, 6.571895690034125 ], [ 4.090486868873938, 6.569616473421547 ], [ 4.077395892906168, 6.571099782828753 ], [ 4.07172972964338, 6.571265101603217 ], [ 4.069640786193361, 6.572552573742314 ], [ 4.070226959806405, 6.576181758181633 ], [ 4.069678656644726, 6.576700036577449 ], [ 4.063121661835282, 6.583247605592589 ], [ 4.062973503924127, 6.583395550364401 ], [ 4.061196912107846, 6.585169589005375 ], [ 4.058602118892736, 6.596034366093193 ], [ 4.058370370796013, 6.608655527230837 ], [ 4.054489672060754, 6.615224574754393 ], [ 4.054678510804706, 6.620443737188793 ], [ 4.054730320747751, 6.622011111623578 ], [ 4.057555780175164, 6.620760814759819 ], [ 4.05956189156808, 6.624071662577194 ], [ 4.062381101606604, 6.628588190092955 ], [ 4.05851663113765, 6.634483355822283 ], [ 4.062815834783009, 6.636449925823456 ], [ 4.064332483857072, 6.636146544927158 ], [ 4.066693305851459, 6.634893893638321 ], [ 4.070596940896166, 6.631849005926938 ], [ 4.076152676404945, 6.633416392052879 ], [ 4.079221022931904, 6.635707039947988 ], [ 4.083290749268713, 6.636248562221397 ], [ 4.088087174583507, 6.640760883607925 ], [ 4.093292661027533, 6.646229449629459 ], [ 4.090016645751632, 6.647504977872472 ], [ 4.09510342798086, 6.651555500985637 ], [ 4.09517937302968, 6.651615974097979 ], [ 4.096370124881389, 6.652564150914884 ], [ 4.09579949425131, 6.654264461335856 ], [ 4.09487558743848, 6.65855001686981 ], [ 4.093887719043039, 6.666377387706348 ], [ 4.096914880217582, 6.671539591578949 ], [ 4.091332317032879, 6.679688255108942 ], [ 4.085006975891247, 6.679777243025399 ] ] ] } },
{ "type": "Feature", "properties": { "admin2Name": "Kosofe" }, "geometry": { "type": "Polygon", "coordinates": [ [ [ 3.366925915098932, 6.558478963433458 ], [ 3.367619870660576, 6.558402781862924 ], [ 3.368228605565719, 6.558252986286334 ], [ 3.368825827350122, 6.558068734084884 ], [ 3.369526310191134, 6.557712079149155 ], [ 3.370043006679452, 6.557378534991471 ], [ 3.370559634819358, 6.556953083717872 ], [ 3.372132260395574, 6.555366524945214 ], [ 3.374209931742996, 6.553251119843367 ], [ 3.376000632123521, 6.55144610855109 ], [ 3.377662158381952, 6.549813157351366 ], [ 3.377837268974815, 6.549641056789369 ], [ 3.378258372026323, 6.549322614047469 ], [ 3.378755985800126, 6.548946311623013 ], [ 3.37899301111861, 6.548767070444001 ], [ 3.380115000806711, 6.548258517316754 ], [ 3.38090483309162, 6.548046371742714 ], [ 3.381165882899211, 6.547976255200069 ], [ 3.382130691778059, 6.547803196860116 ], [ 3.383009454422847, 6.547773807015631 ], [ 3.384468520805626, 6.547996715675936 ], [ 3.38590472912, 6.548368986439641 ], [ 3.387180107176277, 6.548729887973991 ], [ 3.387789075905175, 6.54890748789029 ], [ 3.391395512892643, 6.549852240088853 ], [ 3.392726428581852, 6.550224572006414 ], [ 3.393578539817781, 6.55038665681883 ], [ 3.393837029255565, 6.550415175220223 ], [ 3.395100636984864, 6.55040460908549 ], [ 3.396067479230851, 6.550384699894039 ], [ 3.396402513565192, 6.550365288027649 ], [ 3.396775741207534, 6.550221389305705 ], [ 3.39696107979006, 6.550072866269829 ], [ 3.396967208669764, 6.550055827714345 ], [ 3.396964773305683, 6.550000782010557 ], [ 3.396928838195379, 6.549954377892277 ], [ 3.396957370086625, 6.54971884544841 ], [ 3.397042993639275, 6.549046709238269 ], [ 3.397403596598735, 6.547466776670433 ], [ 3.397913692962618, 6.546087773332147 ], [ 3.398504219294352, 6.544737425092137 ], [ 3.398581206657411, 6.544565516985074 ], [ 3.398748406813581, 6.544158506310055 ], [ 3.399168644717236, 6.54294710962148 ], [ 3.399268922722626, 6.542650247910672 ], [ 3.399296513023728, 6.542519434324504 ], [ 3.39931447967956, 6.542367340080716 ], [ 3.399347502785076, 6.542164893694917 ], [ 3.399402634823787, 6.541825531822894 ], [ 3.399626991392608, 6.540564828004449 ], [ 3.399762032691683, 6.539846698666281 ], [ 3.399935395002501, 6.539909679088453 ], [ 3.400234743338785, 6.540003428915156 ], [ 3.400435909989312, 6.540080115005367 ], [ 3.400520849157886, 6.540016507755695 ], [ 3.400565029252732, 6.539798194631032 ], [ 3.400621887989814, 6.539074384275466 ], [ 3.401033481609943, 6.536634698932232 ], [ 3.401208778362502, 6.535581460615958 ], [ 3.402183785553291, 6.533838284908995 ], [ 3.402742135940855, 6.532980042095289 ], [ 3.403205472054935, 6.533014137192708 ], [ 3.403779806992532, 6.532994529274163 ], [ 3.404235408937041, 6.532932892439078 ], [ 3.404541671261143, 6.532859887274014 ], [ 3.404821328941239, 6.533035817149312 ], [ 3.405150851330745, 6.533318930923997 ], [ 3.405388544845493, 6.53368636603301 ], [ 3.405442290129656, 6.533858648258047 ], [ 3.40538897741942, 6.534222487877571 ], [ 3.405389113217041, 6.534390983057449 ], [ 3.405465943198749, 6.534701107070475 ], [ 3.405569510924238, 6.534930790323756 ], [ 3.40567686479551, 6.535106857795313 ], [ 3.405726812242619, 6.535317436750347 ], [ 3.405715443013321, 6.535462965043848 ], [ 3.405677318953167, 6.535669785732068 ], [ 3.405570230381898, 6.535823049993837 ], [ 3.405551177344989, 6.535937949177082 ], [ 3.405574265639871, 6.536079620278315 ], [ 3.405639506957755, 6.536263379651302 ], [ 3.40567433320399, 6.536715226926219 ], [ 3.405712755839033, 6.536879862215926 ], [ 3.405808734185769, 6.537193799354384 ], [ 3.405969837837802, 6.537545978364278 ], [ 3.405866618149958, 6.537749021899913 ], [ 3.405660213847852, 6.538201063428403 ], [ 3.405541902636742, 6.538683668416638 ], [ 3.405503878401305, 6.539013030726835 ], [ 3.405469533292376, 6.539158577006788 ], [ 3.405416157629645, 6.539445828562179 ], [ 3.405454705270472, 6.539763640879357 ], [ 3.405443316256083, 6.539886193293228 ], [ 3.405432162864088, 6.54029978160969 ], [ 3.405463072562782, 6.540644407213676 ], [ 3.405493847363232, 6.540820535839089 ], [ 3.405609071201695, 6.541257000210464 ], [ 3.405797051093089, 6.541697235439131 ], [ 3.405946520215764, 6.541865609210561 ], [ 3.40609974760531, 6.541945904280112 ], [ 3.406134536979323, 6.542351797097808 ], [ 3.406180729756898, 6.542654285866661 ], [ 3.406391840211313, 6.543285973269121 ], [ 3.406875711444968, 6.54502414874554 ], [ 3.406887259639348, 6.545100727816362 ], [ 3.406902744166359, 6.545307506236497 ], [ 3.406948794851075, 6.545433840299552 ], [ 3.407121274926965, 6.545644320329188 ], [ 3.40720196839618, 6.545992733877597 ], [ 3.407305555906703, 6.546241563697265 ], [ 3.407447456335092, 6.54651716813288 ], [ 3.4075356960156, 6.54672771561161 ], [ 3.407612390199688, 6.546865514232138 ], [ 3.407471129189332, 6.547378774410959 ], [ 3.407295139059443, 6.547562729836159 ], [ 3.407241622203173, 6.547673826685809 ], [ 3.407195808939491, 6.54784235873791 ], [ 3.407207385912159, 6.547953404326222 ], [ 3.407253409617226, 6.548045272771162 ], [ 3.407418188798431, 6.548202146911592 ], [ 3.407586745132221, 6.548293916431135 ], [ 3.407793519955021, 6.548297577571191 ], [ 3.407965821065829, 6.548285950236448 ], [ 3.407973548040843, 6.548370190631829 ], [ 3.407989079332594, 6.548634409650333 ], [ 3.407981563698229, 6.548810570651369 ], [ 3.407759638896266, 6.549013711313762 ], [ 3.407472774948644, 6.549408376995075 ], [ 3.407266324781119, 6.549806806339063 ], [ 3.407300976558872, 6.550040373764261 ], [ 3.407420009026225, 6.550446198233487 ], [ 3.40756965261744, 6.55082519142951 ], [ 3.40764656803475, 6.551234879386243 ], [ 3.407639220573628, 6.551617828699875 ], [ 3.407570604100158, 6.551996999961602 ], [ 3.407448323281528, 6.552307284053938 ], [ 3.407287713357334, 6.552571645165358 ], [ 3.406966316342448, 6.552882091135643 ], [ 3.406351340142294, 6.553456526797333 ], [ 3.406064371873299, 6.553726734401323 ], [ 3.405926712647727, 6.55396235677739 ], [ 3.405886646051897, 6.554134713646192 ], [ 3.405886804332624, 6.554330014918321 ], [ 3.405938669134343, 6.554542506731366 ], [ 3.405835370306136, 6.554651730293187 ], [ 3.405468127652, 6.555094327141546 ], [ 3.405221470594427, 6.555496618174459 ], [ 3.404997817295452, 6.555933355040338 ], [ 3.404802969281661, 6.556479208448764 ], [ 3.404711453370908, 6.556956046984055 ], [ 3.404665744428598, 6.557254780183996 ], [ 3.404677360971505, 6.557415606844813 ], [ 3.404838418758061, 6.557702685730419 ], [ 3.404867277103222, 6.557874986841227 ], [ 3.404591824653039, 6.558185394140651 ], [ 3.404316284968615, 6.558386662414591 ], [ 3.404034932066509, 6.558501772039222 ], [ 3.403799717982622, 6.558852354752446 ], [ 3.403604785432549, 6.559294813105168 ], [ 3.403524580295198, 6.559553364596127 ], [ 3.403467368124609, 6.559834874879641 ], [ 3.403467715262877, 6.560265687011906 ], [ 3.403353227069829, 6.560748289302182 ], [ 3.403146508904285, 6.560823129084213 ], [ 3.402767702767335, 6.56117957177986 ], [ 3.402509567662491, 6.561599102816388 ], [ 3.402287196796749, 6.562447980989589 ], [ 3.402063938300159, 6.563384459425322 ], [ 3.401835109402839, 6.564539218610093 ], [ 3.399693273226035, 6.565805350736412 ], [ 3.399291350915178, 6.565993314439936 ], [ 3.39861760401925, 6.566246593205733 ], [ 3.397966867177217, 6.566545806643717 ], [ 3.397970745053897, 6.566607074756746 ], [ 3.397895231679627, 6.566657941311007 ], [ 3.399326538688854, 6.568723854022721 ], [ 3.399412762089355, 6.56880420305157 ], [ 3.401095494361641, 6.568509906207282 ], [ 3.402456547231907, 6.568192886192776 ], [ 3.402611659600439, 6.568227225905787 ], [ 3.402818486583953, 6.568284501028927 ], [ 3.403077031779617, 6.568370456431467 ], [ 3.403249441708397, 6.568485200032001 ], [ 3.403490834134743, 6.568668819110769 ], [ 3.403674814740953, 6.568886948773695 ], [ 3.403818607342885, 6.569128087591196 ], [ 3.403933740349885, 6.569443924097868 ], [ 3.40406030104208, 6.569685076405221 ], [ 3.404261759972314, 6.5702076319767 ], [ 3.404342629708651, 6.570770495162265 ], [ 3.404360158394638, 6.571138107437775 ], [ 3.404257267858668, 6.571758558710542 ], [ 3.404062358690965, 6.572235481782116 ], [ 3.404562490566548, 6.572740564425544 ], [ 3.405572529948358, 6.573597869246328 ], [ 3.406492055264209, 6.574200260333782 ], [ 3.406932496437605, 6.57428606375089 ], [ 3.409324506920484, 6.574329245598278 ], [ 3.409547384104542, 6.574241231647591 ], [ 3.412366717350153, 6.575403064899547 ], [ 3.414603751262177, 6.576259009945375 ], [ 3.418648812792526, 6.577802732210387 ], [ 3.418835726087934, 6.581509465189697 ], [ 3.418608658063192, 6.584726377920049 ], [ 3.40766048234542, 6.583100511579403 ], [ 3.407634062062357, 6.583196594247454 ], [ 3.40564360336964, 6.584209185005932 ], [ 3.405399105584308, 6.584929317134311 ], [ 3.405706403028148, 6.586093217028406 ], [ 3.406060800665443, 6.588666309602559 ], [ 3.406520943286978, 6.589416505167605 ], [ 3.406505912018247, 6.589768826270358 ], [ 3.405526285909389, 6.59064273437474 ], [ 3.405281725171506, 6.591286278439043 ], [ 3.405435375242405, 6.591868227037082 ], [ 3.404915203773669, 6.592649854807007 ], [ 3.404670875960221, 6.593584434773902 ], [ 3.405223501263606, 6.59503917271968 ], [ 3.406004451844012, 6.594716864691577 ], [ 3.410142995203103, 6.593745749766583 ], [ 3.412195308366847, 6.593407068681302 ], [ 3.418978817218715, 6.59067486535281 ], [ 3.42469448096557, 6.593197457396798 ], [ 3.429827712279121, 6.595245632779779 ], [ 3.430013704668795, 6.597772893204478 ], [ 3.430015449353562, 6.599794827269534 ], [ 3.43055273042421, 6.601127002009605 ], [ 3.431595683194246, 6.602657869365203 ], [ 3.432423617056315, 6.603530259414015 ], [ 3.433343329431182, 6.604249392395616 ], [ 3.435809814571314, 6.604553594372931 ], [ 3.438720920034484, 6.605301603686087 ], [ 3.440345321379539, 6.606066054404948 ], [ 3.441050254965319, 6.606402418836581 ], [ 3.441761982029902, 6.607057575846511 ], [ 3.441901017218242, 6.607666805378813 ], [ 3.441687078396001, 6.608249066041594 ], [ 3.441657067119991, 6.608953704649821 ], [ 3.441611994897698, 6.609949392650378 ], [ 3.441275428118558, 6.610439856813969 ], [ 3.440846840909046, 6.610807861193905 ], [ 3.442611090429523, 6.613777920814471 ], [ 3.443592506189248, 6.61494118938441 ], [ 3.444144394048578, 6.615415543992185 ], [ 3.445952367707662, 6.615858138142585 ], [ 3.447270942899763, 6.61717672232794 ], [ 3.449142808893555, 6.619447311744068 ], [ 3.451809937278824, 6.621313646007991 ], [ 3.452683391225548, 6.621634522315389 ], [ 3.452423951204423, 6.622706991734333 ], [ 3.451719571601018, 6.623013986106628 ], [ 3.451520610088153, 6.623213295657138 ], [ 3.44980648608049, 6.624945744250738 ], [ 3.445165925866831, 6.626083430705819 ], [ 3.444906495738223, 6.627186534630937 ], [ 3.440315921642537, 6.632904112135122 ], [ 3.438447545917541, 6.633518473199047 ], [ 3.434958450672013, 6.637672630587474 ], [ 3.43220264643503, 6.639559115061161 ], [ 3.431207829877508, 6.640632217602786 ], [ 3.392538762553897, 6.638496015678641 ], [ 3.390778050067013, 6.639768780305019 ], [ 3.382229331218696, 6.639070829954903 ], [ 3.383931352150228, 6.641106776356708 ], [ 3.380790565232473, 6.640695619807047 ], [ 3.378430308911675, 6.639288194294807 ], [ 3.372670081059425, 6.64110208369425 ], [ 3.371969012759791, 6.640446020167758 ], [ 3.370359514979668, 6.63915478796315 ], [ 3.369018097007597, 6.637844204146745 ], [ 3.367542268161174, 6.636026313663479 ], [ 3.36646864761002, 6.634303857437146 ], [ 3.365902962351868, 6.633232030134138 ], [ 3.365116551987342, 6.631461488956575 ], [ 3.364607869357712, 6.629776905879567 ], [ 3.364511053742206, 6.629374845972393 ], [ 3.364319758050442, 6.628580414554563 ], [ 3.364002420575275, 6.62669464414256 ], [ 3.364006357807227, 6.626188356407567 ], [ 3.363936046111689, 6.624310062959069 ], [ 3.364055364563455, 6.622512049291686 ], [ 3.364141081645641, 6.621897359075888 ], [ 3.364306937315348, 6.620892006960617 ], [ 3.364753814037329, 6.619260332798149 ], [ 3.365109150566866, 6.618139958292488 ], [ 3.365734665922162, 6.616624152782492 ], [ 3.365585224678398, 6.616509380403613 ], [ 3.365011029135758, 6.616854452071379 ], [ 3.363107160766901, 6.615711679950095 ], [ 3.363275816925466, 6.615104705917474 ], [ 3.358654191937433, 6.611874314148338 ], [ 3.359125901639118, 6.611313633617328 ], [ 3.358641588838282, 6.610784242299019 ], [ 3.365669091855125, 6.605560917802165 ], [ 3.366563910995751, 6.605027889625433 ], [ 3.369491963283508, 6.607523428263676 ], [ 3.371336318116619, 6.604959685041479 ], [ 3.375276390992724, 6.599512394281646 ], [ 3.376588722191798, 6.600510875576504 ], [ 3.376985053417513, 6.600488342163317 ], [ 3.377472857386522, 6.599879091047285 ], [ 3.377823040800763, 6.599591617359295 ], [ 3.378344286959305, 6.599528036189952 ], [ 3.379359070264911, 6.598177326422501 ], [ 3.383009806057771, 6.593480401199599 ], [ 3.382883713912292, 6.593305735771139 ], [ 3.379091959926086, 6.588053234569145 ], [ 3.375120554669934, 6.582580119776765 ], [ 3.374164765991225, 6.581264111249766 ], [ 3.373219220590613, 6.579962197797215 ], [ 3.373142553386174, 6.579855030085639 ], [ 3.373174663679833, 6.579831245715468 ], [ 3.37279284571332, 6.579364220582363 ], [ 3.37179619903543, 6.578005506848683 ], [ 3.369208718207801, 6.574398163344597 ], [ 3.368547410734493, 6.573383844988484 ], [ 3.368154412396279, 6.572713978667252 ], [ 3.367734322880722, 6.571738260112681 ], [ 3.367626980700663, 6.57148894106183 ], [ 3.367042380001863, 6.569757657989555 ], [ 3.366750096739622, 6.568042274931088 ], [ 3.366733669723146, 6.566525821909181 ], [ 3.366747775589431, 6.564871485730521 ], [ 3.366750541004706, 6.563504256316435 ], [ 3.366816694235126, 6.559713044621333 ], [ 3.366861745773008, 6.558483755021314 ], [ 3.366925915098932, 6.558478963433458 ] ] ] } },
{ "type": "Feature", "properties": { "admin2Name": "Alimosho" }, "geometry": { "type": "Polygon", "coordinates": [ [ [ 3.199649774317663, 6.531850140171855 ], [ 3.200185398837107, 6.530731709101133 ], [ 3.200261504864613, 6.529536868931416 ], [ 3.203169315211767, 6.523913973850881 ], [ 3.204623988406411, 6.523055573655824 ], [ 3.204792438620188, 6.522994233597046 ], [ 3.205910636766532, 6.52331545794209 ], [ 3.206186324839052, 6.52331534462752 ], [ 3.206767804890319, 6.522028388699255 ], [ 3.207012226233303, 6.520481165373553 ], [ 3.207332858824429, 6.518045460429676 ], [ 3.207546677137486, 6.516574837758583 ], [ 3.208143069746939, 6.5143381536829 ], [ 3.208448922879541, 6.513219808947099 ], [ 3.208598415384586, 6.513042798086701 ], [ 3.2085329870078, 6.512959980418827 ], [ 3.209696489401495, 6.511780006941819 ], [ 3.210615101905489, 6.510998404352904 ], [ 3.210829404953131, 6.510722588576641 ], [ 3.212268370588902, 6.509052317310648 ], [ 3.213355212972772, 6.507719188389899 ], [ 3.214227717235417, 6.506585280886043 ], [ 3.214319219656318, 6.50566615936583 ], [ 3.214578880910665, 6.504011697282067 ], [ 3.213245782566844, 6.502449817704985 ], [ 3.213275923345236, 6.501285630927157 ], [ 3.214010727912807, 6.500504100284047 ], [ 3.214699585217716, 6.499722585828749 ], [ 3.215189328125064, 6.498910519604863 ], [ 3.215709609311091, 6.497883987556008 ], [ 3.21606171457654, 6.497546839814845 ], [ 3.216720203574596, 6.497393377702281 ], [ 3.216949950679748, 6.497439234133424 ], [ 3.216597846313618, 6.497776381874587 ], [ 3.216184577256456, 6.498343327082921 ], [ 3.216261329896497, 6.498756883023759 ], [ 3.216273708165147, 6.498772161606041 ], [ 3.216521825721713, 6.499078450909849 ], [ 3.21667514304346, 6.49946133727093 ], [ 3.216797808771901, 6.499798281765322 ], [ 3.217104179914031, 6.499951331089107 ], [ 3.217379861691313, 6.499966531430346 ], [ 3.217396437995262, 6.499950424572489 ], [ 3.217900364110562, 6.499460811167523 ], [ 3.217917578933168, 6.499458507104464 ], [ 3.21813007884009, 6.499430075937312 ], [ 3.218834462040832, 6.499154046122385 ], [ 3.219247987404742, 6.499184504361438 ], [ 3.219829945895356, 6.49913829719469 ], [ 3.220243450574856, 6.499122799177883 ], [ 3.220457930788939, 6.499275886273153 ], [ 3.221315732934784, 6.499612508810287 ], [ 3.221913087818791, 6.499750109579963 ], [ 3.222188856830314, 6.499964442305213 ], [ 3.222205761386817, 6.500095019369724 ], [ 3.222311795952692, 6.500914108399456 ], [ 3.222335718818442, 6.50096191006412 ], [ 3.222526399373862, 6.50134292043947 ], [ 3.22298585940996, 6.501342717192699 ], [ 3.223276828762664, 6.501296635031736 ], [ 3.223300783104719, 6.501282360092887 ], [ 3.223919903380875, 6.500913398834314 ], [ 3.224501646034184, 6.500377008991848 ], [ 3.225282533662039, 6.499947756283973 ], [ 3.227869077396065, 6.498213742870007 ], [ 3.229027530995779, 6.497423382682996 ], [ 3.231601547173739, 6.495564896802591 ], [ 3.233314326694881, 6.494262075934103 ], [ 3.234078931197757, 6.491772539371254 ], [ 3.235102026037737, 6.489407341275808 ], [ 3.235561068788343, 6.488535912602345 ], [ 3.237349744794926, 6.485854419346026 ], [ 3.237373666761357, 6.485849131332373 ], [ 3.239216044884586, 6.485441868847204 ], [ 3.240517612997508, 6.485039155132938 ], [ 3.240823887012823, 6.484991141228249 ], [ 3.240832406290565, 6.484979272875194 ], [ 3.241043890862898, 6.484684674758 ], [ 3.241031403776333, 6.484498657187316 ], [ 3.241024611196906, 6.484397470866611 ], [ 3.24050736971941, 6.483622239974466 ], [ 3.239923042414546, 6.48266513828554 ], [ 3.238860299163548, 6.482062490891281 ], [ 3.238573125849143, 6.48201475667571 ], [ 3.237883969069969, 6.482024653714859 ], [ 3.237472291812878, 6.481823798229755 ], [ 3.237207096130646, 6.481482876033965 ], [ 3.237212409325252, 6.481410682956721 ], [ 3.237298404297974, 6.480242070615134 ], [ 3.237308559442511, 6.480248594297223 ], [ 3.23772734404173, 6.480517595011065 ], [ 3.238202185182729, 6.480701188908768 ], [ 3.238661516615764, 6.480471202583999 ], [ 3.239136097852679, 6.480103345692896 ], [ 3.239641460185283, 6.480057152915322 ], [ 3.239645692394845, 6.480046322379906 ], [ 3.23977912570615, 6.479704773356673 ], [ 3.238936208239465, 6.478403135096642 ], [ 3.238890148561552, 6.478158068040443 ], [ 3.239027136892901, 6.476365791148396 ], [ 3.239210407034705, 6.475293440439998 ], [ 3.239470335387693, 6.474404869788941 ], [ 3.239481099373279, 6.474395825307113 ], [ 3.240327605134894, 6.47368451642734 ], [ 3.240336868151985, 6.473674884688251 ], [ 3.240725584817937, 6.4732707401526 ], [ 3.24115433120744, 6.473147991686517 ], [ 3.241422384035843, 6.473253177292349 ], [ 3.24142446956364, 6.473237995836882 ], [ 3.241460537773662, 6.472975518805185 ], [ 3.241594447725618, 6.472783979397207 ], [ 3.242474913686351, 6.472544214743778 ], [ 3.243460586836648, 6.47214164492101 ], [ 3.243996609755811, 6.472179682646299 ], [ 3.244101947347019, 6.47228494379516 ], [ 3.244178844777935, 6.472964646001685 ], [ 3.244408680915967, 6.473213454237566 ], [ 3.244887451194984, 6.473615321689806 ], [ 3.245270612748641, 6.474237434010433 ], [ 3.245127279700228, 6.474735340063944 ], [ 3.245194932100503, 6.476085209864607 ], [ 3.245578011815837, 6.476534993195401 ], [ 3.246353579953791, 6.477089897380893 ], [ 3.247396921230973, 6.47716598002603 ], [ 3.247400996958504, 6.477153946197689 ], [ 3.247469883228575, 6.476972945944738 ], [ 3.247964633561025, 6.47714530281354 ], [ 3.250620728164108, 6.477096129682707 ], [ 3.253775560693612, 6.47716828139113 ], [ 3.258523170807734, 6.477365020679201 ], [ 3.262086441236306, 6.477531054414669 ], [ 3.262569289940814, 6.477564610818206 ], [ 3.264000828975099, 6.477664094722229 ], [ 3.266384235644011, 6.47781603068529 ], [ 3.268011467155532, 6.477930060224139 ], [ 3.269234293327997, 6.478031771748931 ], [ 3.270153190017766, 6.478077237874288 ], [ 3.271240785134182, 6.478566835091442 ], [ 3.271242465067758, 6.478552060129516 ], [ 3.271352590649599, 6.478674718663399 ], [ 3.271697283702736, 6.478889945314791 ], [ 3.272053949430244, 6.479117131150758 ], [ 3.272857608791639, 6.479643893750733 ], [ 3.273317261282614, 6.480041915701918 ], [ 3.274006766099433, 6.480684901287191 ], [ 3.274757340279052, 6.48097553699148 ], [ 3.275538552562182, 6.481281473761044 ], [ 3.277269526267673, 6.48204643169754 ], [ 3.278755536338963, 6.482934061657659 ], [ 3.279193935152023, 6.48325382370507 ], [ 3.279433332882036, 6.483445167060836 ], [ 3.279835554667159, 6.483827896040623 ], [ 3.280151585427348, 6.484124506840544 ], [ 3.280572967268654, 6.484535945777338 ], [ 3.281817592108212, 6.485080960118239 ], [ 3.282439907675666, 6.485358252581364 ], [ 3.282889880763435, 6.485539903044128 ], [ 3.283016913599738, 6.485419577351649 ], [ 3.283162191881672, 6.485652836309384 ], [ 3.283575809875799, 6.485867056619441 ], [ 3.284494988952645, 6.486387353993223 ], [ 3.287007835043596, 6.48854577636655 ], [ 3.288754546884888, 6.489984674553114 ], [ 3.289490055621627, 6.490673565132965 ], [ 3.29004223306265, 6.491590370898962 ], [ 3.29004813531327, 6.491941063329477 ], [ 3.290058723930997, 6.492570297381349 ], [ 3.290071021260644, 6.493300985751944 ], [ 3.290080512705572, 6.493865002767734 ], [ 3.290090495180266, 6.494458096663891 ], [ 3.290099875109206, 6.495015440710063 ], [ 3.290108291864215, 6.495515568089047 ], [ 3.290093563667085, 6.497653711649548 ], [ 3.290070575196921, 6.499297217292792 ], [ 3.290031230756767, 6.500238657288264 ], [ 3.290079333694337, 6.500661469950899 ], [ 3.290199725037326, 6.501953855985732 ], [ 3.290511695358475, 6.503485475174614 ], [ 3.290847180253195, 6.504291071675652 ], [ 3.291597838969153, 6.50575861326945 ], [ 3.291997030938262, 6.506372697342158 ], [ 3.292480813139036, 6.506849470226939 ], [ 3.292216431343263, 6.507178833436456 ], [ 3.291145167915204, 6.508596364630591 ], [ 3.287606195369676, 6.513385259921847 ], [ 3.285571783211253, 6.516237291617756 ], [ 3.285501967042194, 6.51633516573537 ], [ 3.284625815129289, 6.517526633447403 ], [ 3.283126076906967, 6.519671994067323 ], [ 3.281901789336132, 6.521418929839797 ], [ 3.281847893865233, 6.5214507208741 ], [ 3.282694730577418, 6.522021513382185 ], [ 3.284406901257512, 6.523123444591363 ], [ 3.28636605724779, 6.524242462919403 ], [ 3.287136316687736, 6.525356408171774 ], [ 3.287459289314825, 6.527699873250583 ], [ 3.287664591947419, 6.529161856134806 ], [ 3.288271089339332, 6.531803859260719 ], [ 3.288593566439999, 6.533266540018872 ], [ 3.288167383118264, 6.537931104936604 ], [ 3.288022531114962, 6.539072376089337 ], [ 3.288038428430752, 6.539167045023135 ], [ 3.288038441021286, 6.539190018204806 ], [ 3.288038496779279, 6.539288362667833 ], [ 3.288038729703658, 6.53969551543571 ], [ 3.288008882104293, 6.541066488727495 ], [ 3.287174989334346, 6.542560467691487 ], [ 3.286562888266701, 6.543541165792192 ], [ 3.285935803594498, 6.545111615009091 ], [ 3.285950497617421, 6.545196305964794 ], [ 3.286289246151853, 6.547148701751212 ], [ 3.286427658109972, 6.548136632199885 ], [ 3.286422934870586, 6.548223745029873 ], [ 3.286367029414919, 6.549254878010288 ], [ 3.286237169110109, 6.549837034351697 ], [ 3.28617610334453, 6.550189382434098 ], [ 3.286183711609056, 6.55026719357619 ], [ 3.286230025795078, 6.550740798149377 ], [ 3.2863452901031, 6.551422380838233 ], [ 3.286466058262022, 6.551936377561844 ], [ 3.286575600183824, 6.552402598701008 ], [ 3.286682955853792, 6.552756622220386 ], [ 3.286683026000901, 6.552877939865084 ], [ 3.286683317381232, 6.553388487688608 ], [ 3.286603198578803, 6.55390551422812 ], [ 3.286617285559316, 6.553936370866893 ], [ 3.286959761783635, 6.554686525962438 ], [ 3.287155472247321, 6.555421675869695 ], [ 3.287132688822567, 6.555457153225063 ], [ 3.286419384347141, 6.556567879803879 ], [ 3.28602144243564, 6.557088917319732 ], [ 3.285730812127326, 6.557778390660246 ], [ 3.285736179281287, 6.557887142078016 ], [ 3.285746308345495, 6.55809239974451 ], [ 3.285930408561569, 6.558613106309849 ], [ 3.286007269120205, 6.559095578198423 ], [ 3.28607630377843, 6.559287013285086 ], [ 3.286168301725809, 6.559455458102946 ], [ 3.286245010299012, 6.559669864572641 ], [ 3.286344745113922, 6.559976167366301 ], [ 3.286421405123804, 6.560106326246 ], [ 3.286658979928006, 6.560389573120347 ], [ 3.286789359141665, 6.560711175180643 ], [ 3.286843156586428, 6.561040479934263 ], [ 3.286889227056236, 6.561247245763809 ], [ 3.286873303660059, 6.561296790314657 ], [ 3.286743973055934, 6.561699209051312 ], [ 3.286537411372478, 6.56208227617617 ], [ 3.286430472088682, 6.562572511012604 ], [ 3.286422987930621, 6.562878874960177 ], [ 3.286308478153785, 6.563522294018696 ], [ 3.2862934711668, 6.564066089778294 ], [ 3.286296466808551, 6.564081356669305 ], [ 3.286362599354504, 6.56441836321693 ], [ 3.286408695005321, 6.564671082604434 ], [ 3.286477885246256, 6.565130582210656 ], [ 3.28647611717912, 6.565239696055187 ], [ 3.286470488322436, 6.565587060994119 ], [ 3.286411306636523, 6.565890102846026 ], [ 3.286428725605276, 6.565922577365086 ], [ 3.286555058769011, 6.566158084627943 ], [ 3.286737109430078, 6.566435619008644 ], [ 3.286794668738992, 6.566646207856252 ], [ 3.286833088676133, 6.56686638077889 ], [ 3.286819856051579, 6.566911469188994 ], [ 3.286785314890437, 6.567029161666539 ], [ 3.286622651813957, 6.567172859839673 ], [ 3.286638103965402, 6.567280588728238 ], [ 3.286641874822692, 6.567306882206879 ], [ 3.286629169200864, 6.567339127398839 ], [ 3.286355092713393, 6.568034647780792 ], [ 3.286380852894069, 6.568090769973082 ], [ 3.286403099423524, 6.568139236236789 ], [ 3.286460530129432, 6.568264357114458 ], [ 3.2868150770542, 6.568848151121301 ], [ 3.287361085146017, 6.569422261228397 ], [ 3.287705993137138, 6.569891174937823 ], [ 3.287954465026587, 6.570316581245265 ], [ 3.288108470329689, 6.570580250777994 ], [ 3.288311044419231, 6.570451866260669 ], [ 3.288834942678534, 6.570482382056355 ], [ 3.288894670252887, 6.570485859734674 ], [ 3.288962052856505, 6.570489785275413 ], [ 3.289720402574574, 6.570734434146857 ], [ 3.290486500851387, 6.57113225734787 ], [ 3.291244915320647, 6.571484128789564 ], [ 3.291880750396388, 6.571767140041516 ], [ 3.292968520880606, 6.572172430313458 ], [ 3.293772844840987, 6.572447682214829 ], [ 3.294400975424708, 6.572646445876842 ], [ 3.294568436384282, 6.572630008068472 ], [ 3.294721756403987, 6.57267371781785 ], [ 3.294732086017007, 6.572205772678331 ], [ 3.295004898956961, 6.572157744384469 ], [ 3.295713340798102, 6.572181259857302 ], [ 3.296900454892125, 6.572209279134995 ], [ 3.297757254293913, 6.57218004936982 ], [ 3.298681037000279, 6.572102909122009 ], [ 3.299269779077065, 6.572069048747665 ], [ 3.299710181579655, 6.572116654360173 ], [ 3.300021295746262, 6.572082960360376 ], [ 3.300672160292038, 6.571876735023352 ], [ 3.301667535328534, 6.57145489272915 ], [ 3.302581482149719, 6.570946934953156 ], [ 3.302863808118275, 6.570803159438299 ], [ 3.303083888410754, 6.570625912056244 ], [ 3.303284742097219, 6.570319432096142 ], [ 3.303030768155452, 6.569855261411249 ], [ 3.303059450233491, 6.569793014835795 ], [ 3.303480511016801, 6.56951990871687 ], [ 3.303719746868865, 6.569361798008629 ], [ 3.304289000636913, 6.568772670122655 ], [ 3.304556896083909, 6.56851401700834 ], [ 3.30496841326169, 6.568293571591084 ], [ 3.305389592755546, 6.568221511613501 ], [ 3.305681554959847, 6.568183038616382 ], [ 3.305734347861915, 6.568412775829017 ], [ 3.30583504315274, 6.568699924861676 ], [ 3.305921444619003, 6.569097180590461 ], [ 3.305955230349639, 6.569551911091878 ], [ 3.306386282600897, 6.569968103844985 ], [ 3.30692271740952, 6.570503901933591 ], [ 3.307387602156155, 6.571446627060254 ], [ 3.307540927571779, 6.571695448785988 ], [ 3.307503328715711, 6.572825168147062 ], [ 3.307413302082296, 6.574323507024303 ], [ 3.307025615140049, 6.574381186842345 ], [ 3.306954305197053, 6.575180634678588 ], [ 3.306926080874007, 6.575989628818377 ], [ 3.306974390655625, 6.57671241394678 ], [ 3.307046494700046, 6.577205415097865 ], [ 3.307295377579635, 6.577162181089818 ], [ 3.307726165430211, 6.577133195040972 ], [ 3.308200089262755, 6.577195132249585 ], [ 3.30842511762512, 6.577281156000595 ], [ 3.308655055386566, 6.57756343880169 ], [ 3.308655311693315, 6.57797989415684 ], [ 3.308620336159606, 6.579218751644134 ], [ 3.308605453279085, 6.579923384856386 ], [ 3.308628652190578, 6.580283342102632 ], [ 3.308667187240928, 6.580673923962479 ], [ 3.308774447582721, 6.580735130022276 ], [ 3.308752451064834, 6.582320546655978 ], [ 3.308715496123284, 6.584488053980579 ], [ 3.308708782684221, 6.586019849436525 ], [ 3.30868666295919, 6.587406132786839 ], [ 3.308702043164828, 6.587505690435307 ], [ 3.308832267695038, 6.587543904427719 ], [ 3.308794072588455, 6.587704766162062 ], [ 3.308792337796206, 6.588147725437238 ], [ 3.308791453762638, 6.588373410304712 ], [ 3.30876177523578, 6.589920537402918 ], [ 3.308735272215074, 6.590410726373989 ], [ 3.308665361617216, 6.591923412135827 ], [ 3.3087003497414, 6.592767790101504 ], [ 3.308752397105479, 6.593330691058611 ], [ 3.309298029280683, 6.59321546901873 ], [ 3.309723824095272, 6.594375535102927 ], [ 3.309873484773561, 6.594875189438483 ], [ 3.309941485211425, 6.594916792076333 ], [ 3.309897517356603, 6.595032183188778 ], [ 3.309851598872228, 6.595089652565434 ], [ 3.309794655598921, 6.595893877600417 ], [ 3.309795273433167, 6.596887626662692 ], [ 3.309870358730109, 6.597548164316379 ], [ 3.309980126381788, 6.598553332969971 ], [ 3.309952128687826, 6.599719425411195 ], [ 3.309912279727996, 6.600299615834672 ], [ 3.309860772856439, 6.600609835175817 ], [ 3.310274372864058, 6.600621065909536 ], [ 3.311136018712318, 6.600614785044343 ], [ 3.312118337391382, 6.60067161320444 ], [ 3.312589369004229, 6.60066557335756 ], [ 3.312831244366464, 6.601641936726026 ], [ 3.314428056309794, 6.601457117951668 ], [ 3.315157535991546, 6.601376238322814 ], [ 3.315565406418443, 6.601410444936107 ], [ 3.315703605237218, 6.601938825416482 ], [ 3.315824654883954, 6.602599331593922 ], [ 3.315928699250094, 6.603615990885316 ], [ 3.31597495587954, 6.604092731394474 ], [ 3.31603845431124, 6.604580948152261 ], [ 3.315837909991615, 6.605385264018764 ], [ 3.31530364614639, 6.605328160666147 ], [ 3.314780932294241, 6.605368701204668 ], [ 3.314332935016978, 6.605472378647391 ], [ 3.3137988303518, 6.605668018963968 ], [ 3.313159133587192, 6.606032987232595 ], [ 3.312217422895799, 6.606623316612797 ], [ 3.310288065941563, 6.607849955011488 ], [ 3.310186994734067, 6.607899034612785 ], [ 3.309934343695033, 6.60806577431606 ], [ 3.309273995798321, 6.608485512196694 ], [ 3.308079602591647, 6.609210023124092 ], [ 3.307917543859617, 6.609305654332502 ], [ 3.306793316658286, 6.609969052729639 ], [ 3.306266054934554, 6.610407852640321 ], [ 3.305859471437486, 6.610950829117542 ], [ 3.305507445312401, 6.611441217738047 ], [ 3.30517097206274, 6.612314544880405 ], [ 3.304666377751175, 6.613816008002402 ], [ 3.304325326053004, 6.614816753790194 ], [ 3.304238224014853, 6.615072336619107 ], [ 3.303840631040316, 6.616206104728008 ], [ 3.303213263980979, 6.617355330384214 ], [ 3.30252438599166, 6.618121643599011 ], [ 3.301728283633452, 6.618903340616725 ], [ 3.301085163149821, 6.619347950147812 ], [ 3.300546712061134, 6.619989711755863 ], [ 3.299107525192198, 6.621292601872142 ], [ 3.298327080030788, 6.622656364399745 ], [ 3.298036921866526, 6.624157691724122 ], [ 3.298114105281797, 6.625137992324539 ], [ 3.29855913029968, 6.626424428444693 ], [ 3.300567947752654, 6.63166308278511 ], [ 3.301826060624251, 6.634848440103497 ], [ 3.302097524581143, 6.635673941299387 ], [ 3.302619091797681, 6.63683778183821 ], [ 3.303386298039243, 6.638859274336085 ], [ 3.303938632861673, 6.640222226574565 ], [ 3.304460228856499, 6.641416700720185 ], [ 3.304584400949409, 6.641969344909398 ], [ 3.30502548603738, 6.643022177631451 ], [ 3.305351569419429, 6.643902755108115 ], [ 3.305754251657447, 6.644783284021401 ], [ 3.306214681162658, 6.646142460905878 ], [ 3.306253430251672, 6.646870035823554 ], [ 3.306024227236321, 6.64782754490534 ], [ 3.305545983060711, 6.64863202894503 ], [ 3.304550637701823, 6.649341094016336 ], [ 3.302770433308922, 6.650510174005376 ], [ 3.299994790926917, 6.652273420781796 ], [ 3.298061433788178, 6.653557462007313 ], [ 3.296051502974535, 6.654898984300758 ], [ 3.294366927092085, 6.655933946594416 ], [ 3.29377367671384, 6.65660445683028 ], [ 3.292951056046434, 6.658002702962392 ], [ 3.292243321072476, 6.659381730582425 ], [ 3.291863600324916, 6.660094619571112 ], [ 3.291478165285127, 6.660818234773785 ], [ 3.290846875383068, 6.661948301273128 ], [ 3.290023912073934, 6.662791268202511 ], [ 3.289219905574214, 6.663308719222073 ], [ 3.287668914089181, 6.663615981592329 ], [ 3.286481465447309, 6.663386903582762 ], [ 3.286235029622958, 6.663357815910501 ], [ 3.284221580661494, 6.6631201466775 ], [ 3.283187544669488, 6.663254771590459 ], [ 3.282115480844823, 6.663868102031358 ], [ 3.281686324364443, 6.664206776821345 ], [ 3.281073733166295, 6.664590073273303 ], [ 3.279833262295256, 6.665417944182821 ], [ 3.277811676267902, 6.666644517830264 ], [ 3.27523892273814, 6.668545378866213 ], [ 3.273646308830109, 6.669817649764752 ], [ 3.272865611858549, 6.670982243036121 ], [ 3.272389972119583, 6.671756626766978 ], [ 3.271781527695396, 6.672744967306471 ], [ 3.271318027005407, 6.673588246300596 ], [ 3.270587719947343, 6.674916936167733 ], [ 3.270324114266487, 6.676146342679601 ], [ 3.269991892112159, 6.677973185014537 ], [ 3.269936403941927, 6.68155760390033 ], [ 3.266008241687075, 6.684558220685403 ], [ 3.262229589024344, 6.687891892396976 ], [ 3.261827675706741, 6.688386109431463 ], [ 3.259129090834904, 6.69169620541561 ], [ 3.258325052858936, 6.692305514987595 ], [ 3.258187240748612, 6.692454937345531 ], [ 3.257394661034823, 6.693006797325893 ], [ 3.257358599120096, 6.692600617624464 ], [ 3.257221276240955, 6.691053854751658 ], [ 3.256220137449418, 6.688297152991254 ], [ 3.256666952118167, 6.685757977448759 ], [ 3.256810998328945, 6.684510106056621 ], [ 3.257043517144666, 6.683539078365811 ], [ 3.256104023282091, 6.681923241264599 ], [ 3.254099133168495, 6.678630361002433 ], [ 3.251615165207738, 6.675787319828999 ], [ 3.248607643428045, 6.67193760004028 ], [ 3.246715464447163, 6.66949163563055 ], [ 3.244904690299279, 6.666757859387758 ], [ 3.24428046457183, 6.665767388354311 ], [ 3.243234573716677, 6.664804012994864 ], [ 3.241476846978969, 6.663558484336647 ], [ 3.238407638901435, 6.660814232790642 ], [ 3.238061512328954, 6.657861864633389 ], [ 3.23804948029931, 6.656736000665944 ], [ 3.238106454149602, 6.655747965895955 ], [ 3.238031750165192, 6.64603783018174 ], [ 3.237830248067553, 6.619846251903027 ], [ 3.234578611613699, 6.615374469256381 ], [ 3.233536240705007, 6.613896774316743 ], [ 3.232356082867, 6.612579979782311 ], [ 3.232149174045219, 6.612350307320867 ], [ 3.231428881837473, 6.611676651256516 ], [ 3.22849561887773, 6.608913109252626 ], [ 3.22739983903142, 6.607817416640501 ], [ 3.227100961040549, 6.607033080112615 ], [ 3.225367909001875, 6.602484421618783 ], [ 3.224616983187275, 6.60176481559381 ], [ 3.223207103425125, 6.600448101099062 ], [ 3.218396374393194, 6.598688661152835 ], [ 3.211792481737689, 6.59466287209392 ], [ 3.210336203253235, 6.592166650870297 ], [ 3.205080611980691, 6.588553783730163 ], [ 3.204375038077615, 6.586241051183606 ], [ 3.200881788863512, 6.584343032005393 ], [ 3.193281587675187, 6.577774588826287 ], [ 3.193180003854138, 6.576250458292066 ], [ 3.192942638591944, 6.572689128600473 ], [ 3.191716773610267, 6.571479473898648 ], [ 3.191670106889944, 6.569610689881472 ], [ 3.192128901427679, 6.567711075305908 ], [ 3.193553864619219, 6.568874699108108 ], [ 3.195345252981099, 6.566959246572026 ], [ 3.195697335763498, 6.566407659985543 ], [ 3.196493176418983, 6.564722362846794 ], [ 3.197151282305867, 6.563358798170043 ], [ 3.197977571307945, 6.561229263819541 ], [ 3.198451797312657, 6.559697271412006 ], [ 3.199552824703119, 6.55516269090549 ], [ 3.199919463012861, 6.552726975169833 ], [ 3.200071082414581, 6.551380500309904 ], [ 3.200131982704875, 6.550461392279487 ], [ 3.199533872390361, 6.54856219139208 ], [ 3.198629080667615, 6.545774662670567 ], [ 3.201186285818494, 6.544073342310924 ], [ 3.201369062232459, 6.541515153301759 ], [ 3.200357583935386, 6.540045022559809 ], [ 3.200264197434819, 6.536307452726817 ], [ 3.201396128228794, 6.532600029967455 ], [ 3.201089740898851, 6.532446971650472 ], [ 3.199649774317663, 6.531850140171855 ] ] ] } },
{ "type": "Feature", "properties": { "admin2Name": "Ikorodu" }, "geometry": { "type": "Polygon", "coordinates": [ [ [ 3.443198472731353, 6.68590903567349 ], [ 3.439240084262508, 6.682807433116579 ], [ 3.439770517895113, 6.675487673817145 ], [ 3.443471017673403, 6.673893769382005 ], [ 3.444150577786957, 6.671089694034208 ], [ 3.442467865299818, 6.66853713568031 ], [ 3.442074065665622, 6.66276098623058 ], [ 3.447675806893017, 6.661772916387008 ], [ 3.448072499646173, 6.65490662314221 ], [ 3.452062009154474, 6.640944811154156 ], [ 3.440269058870001, 6.640770992887042 ], [ 3.431462138367067, 6.640641187440906 ], [ 3.431207829877508, 6.640632217602786 ], [ 3.43220264643503, 6.639559115061161 ], [ 3.434958450672013, 6.637672630587474 ], [ 3.438447545917541, 6.633518473199047 ], [ 3.440315921642537, 6.632904112135122 ], [ 3.444906495738223, 6.627186534630937 ], [ 3.445165925866831, 6.626083430705819 ], [ 3.44980648608049, 6.624945744250738 ], [ 3.451520610088153, 6.623213295657138 ], [ 3.451719571601018, 6.623013986106628 ], [ 3.452423951204423, 6.622706991734333 ], [ 3.452683391225548, 6.621634522315389 ], [ 3.451809937278824, 6.621313646007991 ], [ 3.449142808893555, 6.619447311744068 ], [ 3.447270942899763, 6.61717672232794 ], [ 3.445952367707662, 6.615858138142585 ], [ 3.444144394048578, 6.615415543992185 ], [ 3.443592506189248, 6.61494118938441 ], [ 3.442611090429523, 6.613777920814471 ], [ 3.440846840909046, 6.610807861193905 ], [ 3.441275428118558, 6.610439856813969 ], [ 3.441611994897698, 6.609949392650378 ], [ 3.441657067119991, 6.608953704649821 ], [ 3.441687078396001, 6.608249066041594 ], [ 3.441901017218242, 6.607666805378813 ], [ 3.441761982029902, 6.607057575846511 ], [ 3.441747236745641, 6.606992964054086 ], [ 3.444901935276164, 6.60604046059882 ], [ 3.450871064847831, 6.60056669199929 ], [ 3.455478709874626, 6.597207939095142 ], [ 3.461783980846064, 6.591059769792594 ], [ 3.464695177140754, 6.591960807745124 ], [ 3.464849366804856, 6.593048215802582 ], [ 3.465250056145237, 6.595651838561537 ], [ 3.46662940212525, 6.596447066778751 ], [ 3.466784774397865, 6.598790516569125 ], [ 3.46485697686802, 6.601212503254487 ], [ 3.464290825761054, 6.601871688327776 ], [ 3.465669273318383, 6.6016865898643 ], [ 3.467889977340633, 6.601255616753349 ], [ 3.473205321368539, 6.60126591668876 ], [ 3.474647893285692, 6.604082982743535 ], [ 3.475231177376997, 6.605338469594756 ], [ 3.47576802587372, 6.606088520368985 ], [ 3.477209629221079, 6.60786398083809 ], [ 3.479797612769687, 6.607049661812482 ], [ 3.480930826896213, 6.606711582373691 ], [ 3.481479668751774, 6.606386622244884 ], [ 3.48241147520946, 6.60230283680653 ], [ 3.482412463564401, 6.602215938015149 ], [ 3.482379816375499, 6.602173115896619 ], [ 3.47919162799127, 6.597991389790877 ], [ 3.481258383367731, 6.596794627769896 ], [ 3.482822754966207, 6.59881503658471 ], [ 3.487925712401761, 6.60096984728068 ], [ 3.482117474242102, 6.582272721608888 ], [ 3.478665001188915, 6.575934550738964 ], [ 3.476595346398142, 6.574006507694207 ], [ 3.475720479616484, 6.572123274269757 ], [ 3.47557987421186, 6.570636246165861 ], [ 3.471648563430506, 6.563919356393228 ], [ 3.470265121038551, 6.561386940155217 ], [ 3.470047127173245, 6.5586108229312 ], [ 3.470905117277368, 6.554804543095258 ], [ 3.470641640199574, 6.554565452933332 ], [ 3.472315399036461, 6.552984248724158 ], [ 3.471689817131391, 6.549418700312799 ], [ 3.468477553896037, 6.543629721134778 ], [ 3.466467257957618, 6.543583722610776 ], [ 3.46739638623427, 6.539059365597268 ], [ 3.467488910285056, 6.535612807385178 ], [ 3.471673546596946, 6.532066696920594 ], [ 3.474971330862274, 6.527085363798562 ], [ 3.480733687409781, 6.521886265239004 ], [ 3.489606363642793, 6.516181491382781 ], [ 3.493915410367947, 6.517828722917272 ], [ 3.495807356424393, 6.519310759783764 ], [ 3.496895431778796, 6.522482056201966 ], [ 3.49860712312028, 6.521908748290173 ], [ 3.507995420252485, 6.518764143750275 ], [ 3.512264173752669, 6.514593449628023 ], [ 3.514009997963058, 6.514484452695399 ], [ 3.518144772263497, 6.514158558170948 ], [ 3.524254908337412, 6.51355486666381 ], [ 3.530399529814474, 6.516642590882896 ], [ 3.5325754071294, 6.517697207859896 ], [ 3.537955043690374, 6.521428972569083 ], [ 3.541081561065255, 6.523462855926084 ], [ 3.542903419357344, 6.522832879933503 ], [ 3.543959932105224, 6.522601979897502 ], [ 3.55519235474344, 6.518712523564147 ], [ 3.560997039681695, 6.522343996778091 ], [ 3.561095168307418, 6.524507476938538 ], [ 3.56521240133128, 6.5255942446787 ], [ 3.567304922284393, 6.5307423777586 ], [ 3.568879482302293, 6.534914598030298 ], [ 3.571830970023314, 6.53774497405135 ], [ 3.572048474657436, 6.538193233031336 ], [ 3.576580369788303, 6.542857148638575 ], [ 3.585124556952792, 6.548106843955736 ], [ 3.588398987623236, 6.54863912659448 ], [ 3.592109993281611, 6.545973376869881 ], [ 3.597260640865954, 6.54652253528684 ], [ 3.598679680223086, 6.545970858768158 ], [ 3.600057510845488, 6.54546374365691 ], [ 3.605309047074911, 6.547123203273259 ], [ 3.607872488124883, 6.548648010097622 ], [ 3.612742314306388, 6.548102157588573 ], [ 3.618404683329516, 6.547520822328124 ], [ 3.619586775609264, 6.546657769940168 ], [ 3.625363423283432, 6.542425654820136 ], [ 3.626969267118056, 6.540570267104215 ], [ 3.628529151998805, 6.538714933347535 ], [ 3.63292474408172, 6.539690969362766 ], [ 3.634074262017634, 6.540359650377638 ], [ 3.635467687783603, 6.544665860641032 ], [ 3.641794191748602, 6.551502700189531 ], [ 3.650365903563625, 6.554842302930012 ], [ 3.657166098436733, 6.55765754426028 ], [ 3.662293367245127, 6.562150210064203 ], [ 3.664199574750626, 6.565402216139432 ], [ 3.669534980854735, 6.572814701837046 ], [ 3.675378416680644, 6.575774537065286 ], [ 3.678879407258876, 6.580843580167141 ], [ 3.682566963094928, 6.582274532843485 ], [ 3.683959174776135, 6.585288176308325 ], [ 3.687502916426524, 6.586527820702429 ], [ 3.689902134975569, 6.590832430172554 ], [ 3.694787237041396, 6.59283601177259 ], [ 3.70070277421371, 6.597577137774749 ], [ 3.696959210399314, 6.606864487805922 ], [ 3.698649238871326, 6.607769651848002 ], [ 3.700604891102898, 6.60966238121398 ], [ 3.699859854049066, 6.610869641920488 ], [ 3.700022208658027, 6.6119492609497 ], [ 3.699907843672122, 6.612317029707185 ], [ 3.700138287751827, 6.612799191329657 ], [ 3.700047270964831, 6.61343114493144 ], [ 3.699691554022024, 6.613730325993799 ], [ 3.699301017128278, 6.613776826339517 ], [ 3.69935907196367, 6.61421327901968 ], [ 3.699485929432171, 6.614557732853143 ], [ 3.699406075030367, 6.614959916866724 ], [ 3.69946447070879, 6.615637610887063 ], [ 3.69969523944377, 6.616349525909925 ], [ 3.699581197314444, 6.616947048967177 ], [ 3.699489807308794, 6.617314785349095 ], [ 3.699593848976974, 6.617774149157697 ], [ 3.699697664915334, 6.618072683607522 ], [ 3.699709750904333, 6.618497713099032 ], [ 3.699457653847674, 6.618957577829974 ], [ 3.698954004723589, 6.620267889151819 ], [ 3.698576017868959, 6.621072561149845 ], [ 3.698185685121302, 6.621268402015176 ], [ 3.69695832096977, 6.622625678632232 ], [ 3.697097536921831, 6.623590454236137 ], [ 3.697190284004478, 6.624187685913 ], [ 3.697076188815117, 6.624750746050154 ], [ 3.696812759401382, 6.625325502769783 ], [ 3.695871807737774, 6.626119477332054 ], [ 3.694770576201165, 6.627315743826557 ], [ 3.694104896224019, 6.627787672962768 ], [ 3.693163198123159, 6.628053206790128 ], [ 3.692610235573966, 6.626974130951453 ], [ 3.691842037380184, 6.628078026279923 ], [ 3.691612599641815, 6.628319587778776 ], [ 3.691027112211486, 6.628630573342321 ], [ 3.689981661124818, 6.628643514586599 ], [ 3.690087374632697, 6.630309093190135 ], [ 3.690836123188603, 6.631732532930073 ], [ 3.689461085860501, 6.634330678817832 ], [ 3.687282199414028, 6.637205643225911 ], [ 3.685847743878298, 6.638402356683457 ], [ 3.684090500076593, 6.63880685824995 ], [ 3.683762807807398, 6.640020042790809 ], [ 3.683955982182852, 6.641245138852128 ], [ 3.686495845706759, 6.650106346031066 ], [ 3.687343279568722, 6.653628080371675 ], [ 3.688361015348619, 6.655675314164455 ], [ 3.689606330867548, 6.656122740372211 ], [ 3.689952086919334, 6.657093917350437 ], [ 3.69079051766829, 6.657571400699624 ], [ 3.690962958174055, 6.661065347787599 ], [ 3.690606626094961, 6.663004403030811 ], [ 3.692505320664054, 6.668506284437512 ], [ 3.695045668922546, 6.670680594234113 ], [ 3.697083806972159, 6.673166724165014 ], [ 3.699150216109615, 6.678692261338824 ], [ 3.699014341138991, 6.684149117287973 ], [ 3.696285484187797, 6.684152984372759 ], [ 3.692374775975168, 6.682786340417351 ], [ 3.691189018958084, 6.68237196339544 ], [ 3.690421576194808, 6.682371700793396 ], [ 3.687522769859982, 6.682992592734024 ], [ 3.684938137185327, 6.683426985067342 ], [ 3.681562271981306, 6.682929079913151 ], [ 3.670958075255044, 6.682991509950284 ], [ 3.632107835907959, 6.683306179136878 ], [ 3.618326242662022, 6.683291122687194 ], [ 3.601491448371689, 6.68327273065205 ], [ 3.601445337432438, 6.683167319316397 ], [ 3.585374438979215, 6.683201435098226 ], [ 3.583888424411327, 6.683241491801482 ], [ 3.581781930691591, 6.68327462012769 ], [ 3.581077255211198, 6.683321403759805 ], [ 3.5804415478392, 6.683391082332605 ], [ 3.580114155943591, 6.683467430277744 ], [ 3.578946077799287, 6.683545390707252 ], [ 3.575910722901597, 6.68352023127369 ], [ 3.56734084660286, 6.683434446742353 ], [ 3.563146890616565, 6.683410541863054 ], [ 3.553418415027863, 6.683335411600012 ], [ 3.552690668339721, 6.683307510133545 ], [ 3.55249231117125, 6.683281757147427 ], [ 3.529879263017619, 6.683223002639522 ], [ 3.529810491860758, 6.683222855150689 ], [ 3.523961755430719, 6.683210189098986 ], [ 3.509187191036062, 6.683254408764014 ], [ 3.49477648874398, 6.68333611486986 ], [ 3.491505331605822, 6.683311628129161 ], [ 3.483216965590543, 6.683319830845562 ], [ 3.461350585860885, 6.683327682826359 ], [ 3.459019961302204, 6.673523020271205 ], [ 3.453939759412435, 6.67673890777445 ], [ 3.443198472731353, 6.68590903567349 ] ] ] } },
{ "type": "Feature", "properties": { "admin2Name": "Ikeja" }, "geometry": { "type": "Polygon", "coordinates": [ [ [ 3.366861745773008, 6.558483755021314 ], [ 3.366816694235126, 6.559713044621333 ], [ 3.366750541004706, 6.563504256316435 ], [ 3.366747775589431, 6.564871485730521 ], [ 3.366733669723146, 6.566525821909181 ], [ 3.366750096739622, 6.568042274931088 ], [ 3.367042380001863, 6.569757657989555 ], [ 3.367626980700663, 6.57148894106183 ], [ 3.367734322880722, 6.571738260112681 ], [ 3.368154412396279, 6.572713978667252 ], [ 3.368547410734493, 6.573383844988484 ], [ 3.369208718207801, 6.574398163344597 ], [ 3.37179619903543, 6.578005506848683 ], [ 3.37279284571332, 6.579364220582363 ], [ 3.373174663679833, 6.579831245715468 ], [ 3.373142553386174, 6.579855030085639 ], [ 3.373219220590613, 6.579962197797215 ], [ 3.374164765991225, 6.581264111249766 ], [ 3.375120554669934, 6.582580119776765 ], [ 3.379091959926086, 6.588053234569145 ], [ 3.382883713912292, 6.593305735771139 ], [ 3.383009806057771, 6.593480401199599 ], [ 3.379359070264911, 6.598177326422501 ], [ 3.378344286959305, 6.599528036189952 ], [ 3.377823040800763, 6.599591617359295 ], [ 3.377472857386522, 6.599879091047285 ], [ 3.376985053417513, 6.600488342163317 ], [ 3.376588722191798, 6.600510875576504 ], [ 3.375276390992724, 6.599512394281646 ], [ 3.371336318116619, 6.604959685041479 ], [ 3.369491963283508, 6.607523428263676 ], [ 3.366563910995751, 6.605027889625433 ], [ 3.365669091855125, 6.605560917802165 ], [ 3.358641588838282, 6.610784242299019 ], [ 3.359125901639118, 6.611313633617328 ], [ 3.358654191937433, 6.611874314148338 ], [ 3.363275816925466, 6.615104705917474 ], [ 3.363107160766901, 6.615711679950095 ], [ 3.365011029135758, 6.616854452071379 ], [ 3.365585224678398, 6.616509380403613 ], [ 3.365734665922162, 6.616624152782492 ], [ 3.365109150566866, 6.618139958292488 ], [ 3.364753814037329, 6.619260332798149 ], [ 3.364306937315348, 6.620892006960617 ], [ 3.364141081645641, 6.621897359075888 ], [ 3.364055364563455, 6.622512049291686 ], [ 3.363936046111689, 6.624310062959069 ], [ 3.364006357807227, 6.626188356407567 ], [ 3.364002420575275, 6.62669464414256 ], [ 3.364319758050442, 6.628580414554563 ], [ 3.364511053742206, 6.629374845972393 ], [ 3.364607869357712, 6.629776905879567 ], [ 3.365116551987342, 6.631461488956575 ], [ 3.365902962351868, 6.633232030134138 ], [ 3.36646864761002, 6.634303857437146 ], [ 3.367542268161174, 6.636026313663479 ], [ 3.369018097007597, 6.637844204146745 ], [ 3.370359514979668, 6.63915478796315 ], [ 3.371969012759791, 6.640446020167758 ], [ 3.372670081059425, 6.64110208369425 ], [ 3.37055455724709, 6.641725955088816 ], [ 3.367760992276033, 6.644724577177556 ], [ 3.364591437844638, 6.648357876015211 ], [ 3.364113483250719, 6.64889788203169 ], [ 3.363685628988662, 6.649428232027333 ], [ 3.36038177340015, 6.650565403170845 ], [ 3.35808712711929, 6.651354560964251 ], [ 3.355402057259198, 6.65195624068798 ], [ 3.354374354293043, 6.652268651676991 ], [ 3.352703363569447, 6.652300889674393 ], [ 3.352456121952514, 6.653463436088771 ], [ 3.351940694407574, 6.654193449967806 ], [ 3.35207960818741, 6.655970486049114 ], [ 3.354048382426981, 6.657300231720342 ], [ 3.353350238722612, 6.658239752562565 ], [ 3.353197073386298, 6.658285815837758 ], [ 3.353112775434283, 6.658232263907905 ], [ 3.35318933561939, 6.658178596864786 ], [ 3.352660497384079, 6.657757734831648 ], [ 3.352308303085749, 6.657987752632721 ], [ 3.351511677322094, 6.658003638257355 ], [ 3.351113201213309, 6.65778181328011 ], [ 3.350860394591564, 6.657743698213153 ], [ 3.350668836297814, 6.657659586420834 ], [ 3.350400639577913, 6.657521916403368 ], [ 3.350086543259408, 6.657468527250785 ], [ 3.34958074205764, 6.657124234395951 ], [ 3.349013667346924, 6.656787643335122 ], [ 3.34872241111043, 6.656535104711338 ], [ 3.348354528138998, 6.656244326014871 ], [ 3.348032653584141, 6.656022445279689 ], [ 3.347840978378485, 6.655769835609476 ], [ 3.347334658267926, 6.65468262720151 ], [ 3.347142918311079, 6.654338111314814 ], [ 3.34692254124235, 6.654027314608925 ], [ 3.346376579015953, 6.653751977272009 ], [ 3.345767448409049, 6.653511147821291 ], [ 3.345238745971415, 6.65327026081394 ], [ 3.344859489274086, 6.653138410309452 ], [ 3.344342365607758, 6.653023887042821 ], [ 3.343813725223299, 6.652869161382739 ], [ 3.343164432692447, 6.652703031419833 ], [ 3.34278512473378, 6.652496503910584 ], [ 3.342468984256243, 6.652249722746546 ], [ 3.342233200002227, 6.651899490768926 ], [ 3.34195714590561, 6.651468868393636 ], [ 3.34170480063608, 6.651030555016177 ], [ 3.341735756200251, 6.651024580819808 ], [ 3.341551358308607, 6.650212864432206 ], [ 3.341244625639035, 6.649722904788291 ], [ 3.341152527866939, 6.649462566344425 ], [ 3.341718816570165, 6.648680967352789 ], [ 3.341994030699993, 6.6478995680107 ], [ 3.342698035286162, 6.64688810500212 ], [ 3.342881711022187, 6.646658210408134 ], [ 3.343065226678902, 6.646198548923962 ], [ 3.343003567360768, 6.645647150295815 ], [ 3.343053533693649, 6.645478099334866 ], [ 3.343248105615658, 6.64481981808018 ], [ 3.34329358702945, 6.644130485033884 ], [ 3.343247139743767, 6.643425896787733 ], [ 3.343230800860795, 6.641955398223104 ], [ 3.343285906819176, 6.640567836936157 ], [ 3.343291027558905, 6.640438892141219 ], [ 3.343366998688111, 6.639535086974718 ], [ 3.343351116660756, 6.638723253675266 ], [ 3.343319863421016, 6.637834842204256 ], [ 3.343273320807157, 6.636992394183721 ], [ 3.343211609328364, 6.636364405692802 ], [ 3.343197168014967, 6.635904322426597 ], [ 3.343024535054269, 6.635483202288015 ], [ 3.342698630637358, 6.634947302575995 ], [ 3.34244938892823, 6.634507088031739 ], [ 3.341835893911423, 6.633454409993078 ], [ 3.341841630686758, 6.633312388156241 ], [ 3.341529115376431, 6.632880202759225 ], [ 3.340513588331476, 6.631961831273543 ], [ 3.33944067105017, 6.631120085623479 ], [ 3.338789215649854, 6.630546112213381 ], [ 3.338233546141282, 6.630029513751083 ], [ 3.337773516834375, 6.629359671711541 ], [ 3.337523944174734, 6.628421623958843 ], [ 3.337293546859769, 6.62752185764765 ], [ 3.337052006944589, 6.627131416981342 ], [ 3.336787482156637, 6.626729502764363 ], [ 3.33667874422872, 6.62653436516888 ], [ 3.336598242315063, 6.626419535233424 ], [ 3.336414322862765, 6.626285628878691 ], [ 3.336138522374938, 6.626197738135147 ], [ 3.335322634032366, 6.62597235184262 ], [ 3.334939594786533, 6.625876872619642 ], [ 3.334602512695881, 6.625781363719 ], [ 3.334755382155208, 6.625306408364111 ], [ 3.33548919387124, 6.623088655017455 ], [ 3.335817855609605, 6.62206213735783 ], [ 3.335917236990952, 6.621778689934615 ], [ 3.335966598979383, 6.621150625001405 ], [ 3.335958675052836, 6.620760025155107 ], [ 3.336638682129546, 6.618278074373677 ], [ 3.336822006230648, 6.617538864027381 ], [ 3.336764484693276, 6.617427849016053 ], [ 3.336228170393781, 6.617190785026764 ], [ 3.335584609242346, 6.616930816204274 ], [ 3.335476219352074, 6.616841574678972 ], [ 3.335476103339545, 6.616669249286474 ], [ 3.335702219881568, 6.614476097793727 ], [ 3.335731116897591, 6.614195815984147 ], [ 3.335599384204272, 6.614206343448018 ], [ 3.333944860966596, 6.614038959830168 ], [ 3.333255514430505, 6.614024103929296 ], [ 3.332995035692363, 6.613932372181296 ], [ 3.332994236195077, 6.612737579675638 ], [ 3.332993139022221, 6.611098569743262 ], [ 3.333030557114569, 6.605491251819842 ], [ 3.333097398326345, 6.602364449359925 ], [ 3.333066453554011, 6.602054004288902 ], [ 3.333128505875891, 6.601905900337101 ], [ 3.33310783316, 6.601838874764326 ], [ 3.333082450694576, 6.601756581401162 ], [ 3.332519942741214, 6.602411795967669 ], [ 3.33200319679014, 6.602779768871301 ], [ 3.330831861301419, 6.603550271128142 ], [ 3.330165865662195, 6.604079178611244 ], [ 3.329855943996677, 6.604492965677878 ], [ 3.329569143900926, 6.605125018205058 ], [ 3.329293929771097, 6.605906411251908 ], [ 3.328777587615605, 6.60689475538868 ], [ 3.328031285215673, 6.607607528364781 ], [ 3.327261813581856, 6.608033104644107 ], [ 3.326572612735959, 6.608228860073893 ], [ 3.325998208550516, 6.608286679286891 ], [ 3.325285887034113, 6.608264168356754 ], [ 3.323321273957674, 6.608230981574593 ], [ 3.321896644414664, 6.608208928399392 ], [ 3.321149772743865, 6.608060060923094 ], [ 3.3205177840685, 6.607899630863301 ], [ 3.320023609302154, 6.607658691695292 ], [ 3.319311015291191, 6.607211101810947 ], [ 3.317908806746061, 6.606315903156428 ], [ 3.316989346181401, 6.605753557081016 ], [ 3.316426249172082, 6.605524147221672 ], [ 3.315837909991615, 6.605385264018764 ], [ 3.31603845431124, 6.604580948152261 ], [ 3.31597495587954, 6.604092731394474 ], [ 3.315928699250094, 6.603615990885316 ], [ 3.315824654883954, 6.602599331593922 ], [ 3.315703605237218, 6.601938825416482 ], [ 3.315565406418443, 6.601410444936107 ], [ 3.315157535991546, 6.601376238322814 ], [ 3.314428056309794, 6.601457117951668 ], [ 3.312831244366464, 6.601641936726026 ], [ 3.312589369004229, 6.60066557335756 ], [ 3.312118337391382, 6.60067161320444 ], [ 3.311136018712318, 6.600614785044343 ], [ 3.310274372864058, 6.600621065909536 ], [ 3.309860772856439, 6.600609835175817 ], [ 3.309912279727996, 6.600299615834672 ], [ 3.309952128687826, 6.599719425411195 ], [ 3.309980126381788, 6.598553332969971 ], [ 3.309870358730109, 6.597548164316379 ], [ 3.309795273433167, 6.596887626662692 ], [ 3.309794655598921, 6.595893877600417 ], [ 3.309851598872228, 6.595089652565434 ], [ 3.309897517356603, 6.595032183188778 ], [ 3.309941485211425, 6.594916792076333 ], [ 3.309873484773561, 6.594875189438483 ], [ 3.309723824095272, 6.594375535102927 ], [ 3.309298029280683, 6.59321546901873 ], [ 3.308752397105479, 6.593330691058611 ], [ 3.3087003497414, 6.592767790101504 ], [ 3.308665361617216, 6.591923412135827 ], [ 3.308735272215074, 6.590410726373989 ], [ 3.30876177523578, 6.589920537402918 ], [ 3.308791453762638, 6.588373410304712 ], [ 3.308792337796206, 6.588147725437238 ], [ 3.312229063720338, 6.588176179087441 ], [ 3.313691873980872, 6.588106332341397 ], [ 3.314825380387049, 6.588082642400082 ], [ 3.31505501687559, 6.587875704800012 ], [ 3.315131509611547, 6.587722478309786 ], [ 3.315177149306066, 6.587224618121695 ], [ 3.315191244380458, 6.585286894774413 ], [ 3.315234579112598, 6.581135716839924 ], [ 3.315341623617087, 6.580852267618127 ], [ 3.315655504098288, 6.580645277857343 ], [ 3.315885259297318, 6.580629814914062 ], [ 3.317540011862093, 6.581341049150126 ], [ 3.320106416178191, 6.582434641845282 ], [ 3.320803540950692, 6.58270225760316 ], [ 3.321354997135472, 6.582732538675771 ], [ 3.322970613902783, 6.582118781956297 ], [ 3.324655087262499, 6.581397751405177 ], [ 3.326400885392616, 6.580768580305801 ], [ 3.327143603094839, 6.580484713798569 ], [ 3.328392000590384, 6.580506872194462 ], [ 3.330452235882035, 6.58053615142228 ], [ 3.33049107670189, 6.581363290283662 ], [ 3.330958279001436, 6.581385957695829 ], [ 3.331005043747837, 6.582611356828693 ], [ 3.331525827654843, 6.582588034710056 ], [ 3.331702148735246, 6.58284066326604 ], [ 3.332981193327441, 6.58287044881223 ], [ 3.333924585751106, 6.582823288364125 ], [ 3.333947897977168, 6.583068895912845 ], [ 3.333967971744528, 6.583280401169645 ], [ 3.333913079824811, 6.583512598927371 ], [ 3.333885338437653, 6.584977388595632 ], [ 3.333871577011735, 6.585874929984072 ], [ 3.333792824279442, 6.586217240733106 ], [ 3.33368528874513, 6.586468621929384 ], [ 3.333575460838915, 6.58687078885589 ], [ 3.333594754894079, 6.587090970771726 ], [ 3.333758030408831, 6.587873508655548 ], [ 3.333837337123441, 6.588359319726862 ], [ 3.333928520285042, 6.588708698247899 ], [ 3.334093941582182, 6.589122648091802 ], [ 3.334182436670176, 6.589321696838908 ], [ 3.334745609222523, 6.589390273742197 ], [ 3.335492380169285, 6.589428067751157 ], [ 3.337599370314763, 6.59028770091669 ], [ 3.338020591177383, 6.589209794196677 ], [ 3.339645396318019, 6.585216474260903 ], [ 3.342598680884464, 6.577995915579095 ], [ 3.342888551265673, 6.57738162466228 ], [ 3.343344324081329, 6.576415750986143 ], [ 3.34366246734902, 6.575642835848271 ], [ 3.34386786261183, 6.575143834420487 ], [ 3.344042017225377, 6.574720733075424 ], [ 3.344105200894376, 6.574562850794962 ], [ 3.344189639140609, 6.574351857252452 ], [ 3.344267789327091, 6.574156576664734 ], [ 3.344317778143022, 6.574031668027089 ], [ 3.345226077221753, 6.571762014805188 ], [ 3.34660561205942, 6.568387280948286 ], [ 3.347653664884774, 6.565793208989476 ], [ 3.348102801603034, 6.564636876890404 ], [ 3.348504286843422, 6.56379172280981 ], [ 3.349631696745462, 6.560986651912515 ], [ 3.35101742881136, 6.557602989586371 ], [ 3.351474733172438, 6.556547572212708 ], [ 3.351813450230566, 6.555701927102291 ], [ 3.351942905840474, 6.555511392237008 ], [ 3.352117000199428, 6.555618818054086 ], [ 3.353988538840042, 6.556652695765365 ], [ 3.35604736039744, 6.557532015989807 ], [ 3.357253935820552, 6.558057709295895 ], [ 3.358259254660936, 6.558267611960787 ], [ 3.35997286155839, 6.558314254399363 ], [ 3.36407016830367, 6.558378312209413 ], [ 3.366291145719856, 6.558424564342204 ], [ 3.366861745773008, 6.558483755021314 ] ] ] } },
{ "type": "Feature", "properties": { "admin2Name": "Ojo" }, "geometry": { "type": "Polygon", "coordinates": [ [ [ 3.103014903614962, 6.499618730320208 ], [ 3.102643998921451, 6.498408501850918 ], [ 3.107381433206626, 6.494913066384981 ], [ 3.112118631869407, 6.490651678332313 ], [ 3.112692063887664, 6.486678404284987 ], [ 3.115466570425951, 6.480837732975033 ], [ 3.115513663424849, 6.478130896823473 ], [ 3.115053580158644, 6.475297141150179 ], [ 3.111759945365236, 6.470779018237124 ], [ 3.103042092818384, 6.467352774810763 ], [ 3.099428917210787, 6.46685514934569 ], [ 3.092193015195562, 6.467603272872793 ], [ 3.093455261351266, 6.4611119654449 ], [ 3.093971543252167, 6.458009938407997 ], [ 3.095005072925801, 6.457090655009779 ], [ 3.094315801033417, 6.456344021659334 ], [ 3.096440125611366, 6.453701237921848 ], [ 3.097759799774963, 6.447669450784588 ], [ 3.098046491952118, 6.445371667668383 ], [ 3.098415917260809, 6.443289854942918 ], [ 3.099830040923678, 6.439446966404432 ], [ 3.102012630778347, 6.436898813829259 ], [ 3.104074039685258, 6.434957277356489 ], [ 3.105257295687693, 6.434905835236179 ], [ 3.106125099194003, 6.434674156387246 ], [ 3.105407519341611, 6.431924000792037 ], [ 3.106377215136433, 6.429254759 ], [ 3.108923647308529, 6.427070461332789 ], [ 3.109044332729809, 6.424280072767203 ], [ 3.107466070203031, 6.416515917975289 ], [ 3.10629593530922, 6.410761619353309 ], [ 3.100684295244093, 6.40900403290982 ], [ 3.094272060707112, 6.40862229588231 ], [ 3.089008612957173, 6.410155058109467 ], [ 3.082213752862458, 6.411017840700822 ], [ 3.075514461922921, 6.411114609551646 ], [ 3.068432170408414, 6.409870998248039 ], [ 3.067571021885215, 6.411307195770519 ], [ 3.062168225982873, 6.415499753310996 ], [ 3.061446440900568, 6.415520477288226 ], [ 3.04766473434006, 6.41389438162048 ], [ 3.031011819839648, 6.409778886086769 ], [ 3.030533224928433, 6.408534308911271 ], [ 3.028140521068224, 6.406619666664312 ], [ 3.023929467171229, 6.404609361732696 ], [ 3.022972315120285, 6.40192871473846 ], [ 3.020770953716578, 6.397046120881839 ], [ 3.036944533163705, 6.396596437375706 ], [ 3.072832933593077, 6.398387708825737 ], [ 3.110396115388482, 6.399099053678412 ], [ 3.124273141991978, 6.400053273040157 ], [ 3.16267387769733, 6.400880262614066 ], [ 3.170689251807573, 6.401835047649399 ], [ 3.181216714779623, 6.402429807989279 ], [ 3.201732267829925, 6.402062740702945 ], [ 3.201675553883774, 6.403866474957908 ], [ 3.201665405034475, 6.407267105692426 ], [ 3.201619945204357, 6.408484916345856 ], [ 3.201598095275926, 6.411334098090208 ], [ 3.201543483045327, 6.413509166015274 ], [ 3.201542408355522, 6.413552005220936 ], [ 3.201545384212181, 6.413582056067071 ], [ 3.201641840998207, 6.413820476234037 ], [ 3.20176380165816, 6.414121934379807 ], [ 3.201821495865374, 6.414811226956601 ], [ 3.201660960584888, 6.415443164370572 ], [ 3.201267085407721, 6.416032771595155 ], [ 3.200845817780305, 6.416443222177008 ], [ 3.200398359196981, 6.417235881031161 ], [ 3.200015826269407, 6.417971299835642 ], [ 3.199327149728219, 6.419005542671698 ], [ 3.199250793689203, 6.419541706784401 ], [ 3.199247314212244, 6.420436862271401 ], [ 3.199190467166375, 6.421918914426385 ], [ 3.199202777985874, 6.424044300204343 ], [ 3.19942146702715, 6.425273495375563 ], [ 3.199651735739053, 6.426743945376813 ], [ 3.199709801366282, 6.428386791817047 ], [ 3.199653098211968, 6.430236477831215 ], [ 3.199435570195476, 6.431994317883493 ], [ 3.199860611378142, 6.432246900574057 ], [ 3.200492490336217, 6.432775129069 ], [ 3.20076835017926, 6.433337961677637 ], [ 3.200963816027354, 6.433900825762521 ], [ 3.200987033824617, 6.434532690331423 ], [ 3.202514573688688, 6.434623995800791 ], [ 3.207487649235645, 6.434805818034135 ], [ 3.211622317416072, 6.434976451801845 ], [ 3.214057184191745, 6.435090323959344 ], [ 3.21582589704758, 6.435147022617059 ], [ 3.216216450129139, 6.4352962093526 ], [ 3.218134874924601, 6.436306389028687 ], [ 3.219766103023289, 6.437132866888362 ], [ 3.221006740268876, 6.437718249997261 ], [ 3.221581137259705, 6.438051170025517 ], [ 3.222345856875847, 6.438742462694563 ], [ 3.222954752759676, 6.439171103863373 ], [ 3.223598077389397, 6.439534627820876 ], [ 3.223988741087567, 6.439925067587865 ], [ 3.224597597401271, 6.44025796962967 ], [ 3.22550500075522, 6.44044138726025 ], [ 3.226148187788681, 6.440487056632378 ], [ 3.226437744306509, 6.440567348104707 ], [ 3.226885806334963, 6.440888828756499 ], [ 3.227077613740903, 6.441204526767535 ], [ 3.227316229960081, 6.442081075281465 ], [ 3.227325656653761, 6.442115995956499 ], [ 3.228549034110699, 6.442081047402439 ], [ 3.230180985264326, 6.442034421151675 ], [ 3.230239610269848, 6.443347795564364 ], [ 3.230188395677942, 6.445127448672849 ], [ 3.230187357860302, 6.446331017662374 ], [ 3.230115329359023, 6.447908813441018 ], [ 3.230320580730279, 6.450291461082088 ], [ 3.2303231527913, 6.450321317674707 ], [ 3.230751892885621, 6.451011924161037 ], [ 3.231085393875901, 6.451569001108567 ], [ 3.231234985306401, 6.452189314785073 ], [ 3.23120583108431, 6.452396622006574 ], [ 3.231298359631637, 6.453821161617384 ], [ 3.231329620965312, 6.455215092802348 ], [ 3.231437109734884, 6.455858403942216 ], [ 3.231284346395512, 6.45668564982293 ], [ 3.231014374413917, 6.458325544688194 ], [ 3.23100767356533, 6.458363059008036 ], [ 3.230859656847713, 6.458996957843397 ], [ 3.230841324167841, 6.459075471355959 ], [ 3.230856720561235, 6.459259281091022 ], [ 3.23089219701734, 6.459317772097563 ], [ 3.231163231098265, 6.45976463892697 ], [ 3.232082025265299, 6.459656993675367 ], [ 3.23375110762754, 6.459334550748963 ], [ 3.235680442098783, 6.458828164987892 ], [ 3.237870032276192, 6.458153151846545 ], [ 3.237870049363323, 6.458191605957893 ], [ 3.237870653707773, 6.459485823911677 ], [ 3.2377803572777, 6.462886478028565 ], [ 3.237797510946393, 6.466823212621193 ], [ 3.23776795562668, 6.469120937281502 ], [ 3.237753321858349, 6.470576159961865 ], [ 3.236804466053286, 6.471939910798312 ], [ 3.236008478808287, 6.472721502595334 ], [ 3.235288927641932, 6.473212015322304 ], [ 3.23481442824334, 6.473748367393284 ], [ 3.234707346866628, 6.474008822748999 ], [ 3.23443233598357, 6.475418212380646 ], [ 3.234004405279109, 6.477317850338579 ], [ 3.233668075921003, 6.478604721730562 ], [ 3.233738965880605, 6.478651946030539 ], [ 3.234357445839521, 6.479063946144265 ], [ 3.235674915764776, 6.47995178384781 ], [ 3.236486892056462, 6.480594764936484 ], [ 3.237207096130646, 6.481482876033965 ], [ 3.237472291812878, 6.481823798229755 ], [ 3.237883969069969, 6.482024653714859 ], [ 3.238573125849143, 6.48201475667571 ], [ 3.238860299163548, 6.482062490891281 ], [ 3.239923042414546, 6.48266513828554 ], [ 3.24050736971941, 6.483622239974466 ], [ 3.241024611196906, 6.484397470866611 ], [ 3.241031403776333, 6.484498657187316 ], [ 3.241043890862898, 6.484684674758 ], [ 3.240832406290565, 6.484979272875194 ], [ 3.240823887012823, 6.484991141228249 ], [ 3.240517612997508, 6.485039155132938 ], [ 3.239216044884586, 6.485441868847204 ], [ 3.237373666761357, 6.485849131332373 ], [ 3.237349744794926, 6.485854419346026 ], [ 3.235561068788343, 6.488535912602345 ], [ 3.235102026037737, 6.489407341275808 ], [ 3.234078931197757, 6.491772539371254 ], [ 3.233314326694881, 6.494262075934103 ], [ 3.231601547173739, 6.495564896802591 ], [ 3.229027530995779, 6.497423382682996 ], [ 3.227869077396065, 6.498213742870007 ], [ 3.225282533662039, 6.499947756283973 ], [ 3.224501646034184, 6.500377008991848 ], [ 3.223919903380875, 6.500913398834314 ], [ 3.223300783104719, 6.501282360092887 ], [ 3.223276828762664, 6.501296635031736 ], [ 3.22298585940996, 6.501342717192699 ], [ 3.222526399373862, 6.50134292043947 ], [ 3.222335718818442, 6.50096191006412 ], [ 3.222311795952692, 6.500914108399456 ], [ 3.222205761386817, 6.500095019369724 ], [ 3.222188856830314, 6.499964442305213 ], [ 3.221913087818791, 6.499750109579963 ], [ 3.221315732934784, 6.499612508810287 ], [ 3.220457930788939, 6.499275886273153 ], [ 3.220243450574856, 6.499122799177883 ], [ 3.219829945895356, 6.49913829719469 ], [ 3.219247987404742, 6.499184504361438 ], [ 3.218834462040832, 6.499154046122385 ], [ 3.21813007884009, 6.499430075937312 ], [ 3.217917578933168, 6.499458507104464 ], [ 3.217900364110562, 6.499460811167523 ], [ 3.217396437995262, 6.499950424572489 ], [ 3.217379861691313, 6.499966531430346 ], [ 3.217104179914031, 6.499951331089107 ], [ 3.216797808771901, 6.499798281765322 ], [ 3.21667514304346, 6.49946133727093 ], [ 3.216521825721713, 6.499078450909849 ], [ 3.216273708165147, 6.498772161606041 ], [ 3.216261329896497, 6.498756883023759 ], [ 3.216184577256456, 6.498343327082921 ], [ 3.216597846313618, 6.497776381874587 ], [ 3.216949950679748, 6.497439234133424 ], [ 3.216720203574596, 6.497393377702281 ], [ 3.21606171457654, 6.497546839814845 ], [ 3.215709609311091, 6.497883987556008 ], [ 3.215189328125064, 6.498910519604863 ], [ 3.214699585217716, 6.499722585828749 ], [ 3.214010727912807, 6.500504100284047 ], [ 3.213275923345236, 6.501285630927157 ], [ 3.213245782566844, 6.502449817704985 ], [ 3.214578880910665, 6.504011697282067 ], [ 3.214319219656318, 6.50566615936583 ], [ 3.214227717235417, 6.506585280886043 ], [ 3.213355212972772, 6.507719188389899 ], [ 3.212268370588902, 6.509052317310648 ], [ 3.210829404953131, 6.510722588576641 ], [ 3.210615101905489, 6.510998404352904 ], [ 3.209696489401495, 6.511780006941819 ], [ 3.2085329870078, 6.512959980418827 ], [ 3.208598415384586, 6.513042798086701 ], [ 3.208448922879541, 6.513219808947099 ], [ 3.208143069746939, 6.5143381536829 ], [ 3.207546677137486, 6.516574837758583 ], [ 3.207332858824429, 6.518045460429676 ], [ 3.207012226233303, 6.520481165373553 ], [ 3.206767804890319, 6.522028388699255 ], [ 3.206186324839052, 6.52331534462752 ], [ 3.205910636766532, 6.52331545794209 ], [ 3.204792438620188, 6.522994233597046 ], [ 3.204623988406411, 6.523055573655824 ], [ 3.203169315211767, 6.523913973850881 ], [ 3.200261504864613, 6.529536868931416 ], [ 3.200185398837107, 6.530731709101133 ], [ 3.199649774317663, 6.531850140171855 ], [ 3.196220754684134, 6.530419528338598 ], [ 3.19430636874398, 6.530787904138492 ], [ 3.190538836198357, 6.531478657214279 ], [ 3.188700576070801, 6.530652173059366 ], [ 3.186724298787396, 6.529350872045143 ], [ 3.18562116608399, 6.528355604927299 ], [ 3.184410701992363, 6.527023376227874 ], [ 3.180120275730189, 6.521678914850099 ], [ 3.179553290951674, 6.520851939665306 ], [ 3.177898143584514, 6.517942088756456 ], [ 3.175323984414376, 6.514787462171682 ], [ 3.168104721655652, 6.512876729277707 ], [ 3.163365843059239, 6.511083193334741 ], [ 3.160445337882095, 6.508068376254585 ], [ 3.155196283781493, 6.507993067925781 ], [ 3.151318477265988, 6.506097758404849 ], [ 3.150999203550441, 6.505941710741411 ], [ 3.145516236685012, 6.505897365171336 ], [ 3.142315841802713, 6.507843677943413 ], [ 3.136710290147846, 6.507661407847763 ], [ 3.131027902215976, 6.506468098324149 ], [ 3.128084388783577, 6.505704218674794 ], [ 3.126310407699179, 6.505243847625536 ], [ 3.125498686814979, 6.505244049972987 ], [ 3.119694061231996, 6.505046322329974 ], [ 3.115875966102976, 6.504855879195532 ], [ 3.108609416991044, 6.503293344012661 ], [ 3.103014903614962, 6.499618730320208 ] ] ] } },
{ "type": "Feature", "properties": { "admin2Name": "Badagry" }, "geometry": { "type": "Polygon", "coordinates": [ [ [ 2.89201007190735, 6.511495994744394 ], [ 2.88553154294641, 6.511425637183436 ], [ 2.886232694883006, 6.509392311406089 ], [ 2.886647046723851, 6.505693073376676 ], [ 2.88790158389105, 6.494434513741851 ], [ 2.88936655432309, 6.48652829304632 ], [ 2.888786656179263, 6.481257193864451 ], [ 2.884268396569269, 6.474297454763757 ], [ 2.876474834845794, 6.469935573767771 ], [ 2.864630738317942, 6.469266819907887 ], [ 2.860012808644228, 6.4668426343801 ], [ 2.858118390351478, 6.463170000994808 ], [ 2.858630363600469, 6.46002967992581 ], [ 2.858835920741171, 6.457046653880013 ], [ 2.858211868582941, 6.449129903022651 ], [ 2.839451279552975, 6.448805820632174 ], [ 2.839162639444282, 6.448657800317278 ], [ 2.834914022664066, 6.445698126067725 ], [ 2.831870701571688, 6.444864208116769 ], [ 2.831411785625448, 6.444949058252462 ], [ 2.828480002949846, 6.446814532764506 ], [ 2.823676106966786, 6.451477047227968 ], [ 2.818306921427336, 6.454585547584998 ], [ 2.813079117407369, 6.455998416693603 ], [ 2.805765242372104, 6.458669967944729 ], [ 2.804066368168378, 6.459226035852907 ], [ 2.799016617323105, 6.460878900740738 ], [ 2.793675320659588, 6.462111785830302 ], [ 2.788104945986504, 6.461764839975444 ], [ 2.783166556391507, 6.460786231899135 ], [ 2.782314850749799, 6.460613668186284 ], [ 2.781732634153798, 6.46023701412696 ], [ 2.78107092738145, 6.459808934135026 ], [ 2.773416477288663, 6.454003859790362 ], [ 2.769837213316805, 6.453217204810187 ], [ 2.766353496017075, 6.452813519828112 ], [ 2.759232691035891, 6.452542138608862 ], [ 2.749891226998557, 6.452614230962013 ], [ 2.743566009064125, 6.452566634342759 ], [ 2.737731411775258, 6.452640256442749 ], [ 2.734591062827349, 6.454599339587901 ], [ 2.732905238685873, 6.457079980956394 ], [ 2.731874199234937, 6.457991724438557 ], [ 2.729841017349145, 6.459789657166993 ], [ 2.722979404176215, 6.461516906779877 ], [ 2.71418955820161, 6.460776781823085 ], [ 2.704643681860489, 6.459847241656917 ], [ 2.700560978306555, 6.459267784180952 ], [ 2.698830793306513, 6.458776587969226 ], [ 2.699417851852445, 6.45007631267174 ], [ 2.699619959193797, 6.444929581634938 ], [ 2.699392878578522, 6.440471910250494 ], [ 2.699197158222319, 6.434773496399771 ], [ 2.699168414990424, 6.431572015136453 ], [ 2.699554371636964, 6.426241574189362 ], [ 2.699728450707482, 6.424675599099658 ], [ 2.699844795101285, 6.42211947403456 ], [ 2.701487372644181, 6.411780768867459 ], [ 2.701518253564586, 6.408047017555873 ], [ 2.70155048616607, 6.401986839720905 ], [ 2.700151239088484, 6.38900399284006 ], [ 2.69986722059582, 6.383719102554608 ], [ 2.699843440722248, 6.375246297278863 ], [ 2.705958595013215, 6.374991327787598 ], [ 2.708771424361771, 6.37614177742114 ], [ 2.716149501997961, 6.376404383955219 ], [ 2.721288067190585, 6.3770677778557 ], [ 2.727287618129139, 6.378306006716912 ], [ 2.734033655828625, 6.379515829591924 ], [ 2.739919027940857, 6.379576276623936 ], [ 2.744081391642965, 6.380554889196844 ], [ 2.748502546955024, 6.380729393646675 ], [ 2.75516267331875, 6.381680408723923 ], [ 2.761478299084274, 6.38265990173312 ], [ 2.780195830373316, 6.385195720106424 ], [ 2.784904075362817, 6.385542367386392 ], [ 2.791679487618296, 6.385746203224755 ], [ 2.79428295119726, 6.386224121845771 ], [ 2.799134377249743, 6.387575950369865 ], [ 2.809986279643113, 6.388728931594983 ], [ 2.819086948403992, 6.389823631355569 ], [ 2.824541939159189, 6.389567025098188 ], [ 2.830283703030545, 6.390286990852019 ], [ 2.833757463036534, 6.390776391117583 ], [ 2.841193421039577, 6.390635132805187 ], [ 2.844006730626177, 6.39155508439967 ], [ 2.848514231646504, 6.391527709935929 ], [ 2.865424364842625, 6.392106842756618 ], [ 2.875157021379493, 6.392540121729269 ], [ 2.880095155567005, 6.392656182836618 ], [ 2.883282385273901, 6.392767027876062 ], [ 2.891819930045756, 6.393004963308442 ], [ 2.900613708755714, 6.393200591933805 ], [ 2.907029482124926, 6.393324337748027 ], [ 2.912939911148044, 6.393723645729722 ], [ 2.925151906835083, 6.394530575026067 ], [ 2.931257643425567, 6.394588869980396 ], [ 2.95406837335679, 6.394730935884013 ], [ 2.9619637248461, 6.394903910587061 ], [ 2.972902389333854, 6.395105654602332 ], [ 2.984558836021506, 6.394933807649124 ], [ 2.992195814984939, 6.394732927882387 ], [ 2.999488262773184, 6.395652080878904 ], [ 3.006941508443902, 6.396614781746848 ], [ 3.020770953716578, 6.397046120881839 ], [ 3.022972315120285, 6.40192871473846 ], [ 3.023929467171229, 6.404609361732696 ], [ 3.028140521068224, 6.406619666664312 ], [ 3.030533224928433, 6.408534308911271 ], [ 3.031011819839648, 6.409778886086769 ], [ 3.04766473434006, 6.41389438162048 ], [ 3.061446440900568, 6.415520477288226 ], [ 3.062168225982873, 6.415499753310996 ], [ 3.067571021885215, 6.411307195770519 ], [ 3.068432170408414, 6.409870998248039 ], [ 3.075514461922921, 6.411114609551646 ], [ 3.082213752862458, 6.411017840700822 ], [ 3.089008612957173, 6.410155058109467 ], [ 3.094272060707112, 6.40862229588231 ], [ 3.100684295244093, 6.40900403290982 ], [ 3.10629593530922, 6.410761619353309 ], [ 3.107466070203031, 6.416515917975289 ], [ 3.109044332729809, 6.424280072767203 ], [ 3.108923647308529, 6.427070461332789 ], [ 3.106377215136433, 6.429254759 ], [ 3.105407519341611, 6.431924000792037 ], [ 3.106125099194003, 6.434674156387246 ], [ 3.105257295687693, 6.434905835236179 ], [ 3.104074039685258, 6.434957277356489 ], [ 3.102012630778347, 6.436898813829259 ], [ 3.099830040923678, 6.439446966404432 ], [ 3.098415917260809, 6.443289854942918 ], [ 3.098046491952118, 6.445371667668383 ], [ 3.097759799774963, 6.447669450784588 ], [ 3.096440125611366, 6.453701237921848 ], [ 3.094315801033417, 6.456344021659334 ], [ 3.095005072925801, 6.457090655009779 ], [ 3.093971543252167, 6.458009938407997 ], [ 3.093455261351266, 6.4611119654449 ], [ 3.092193015195562, 6.467603272872793 ], [ 3.099428917210787, 6.46685514934569 ], [ 3.103042092818384, 6.467352774810763 ], [ 3.111759945365236, 6.470779018237124 ], [ 3.115053580158644, 6.475297141150179 ], [ 3.115513663424849, 6.478130896823473 ], [ 3.115466570425951, 6.480837732975033 ], [ 3.112692063887664, 6.486678404284987 ], [ 3.112118631869407, 6.490651678332313 ], [ 3.107381433206626, 6.494913066384981 ], [ 3.102643998921451, 6.498408501850918 ], [ 3.103014903614962, 6.499618730320208 ], [ 3.099142359931989, 6.500234424179382 ], [ 3.096973353437534, 6.500367951020166 ], [ 3.096117082837168, 6.500392819972717 ], [ 3.094752600851905, 6.500245825784305 ], [ 3.093649860252924, 6.500062213900094 ], [ 3.091949748582067, 6.499480436173258 ], [ 3.089499078020083, 6.498270740102612 ], [ 3.084689677286804, 6.495927889260713 ], [ 3.079941595028629, 6.493676890675999 ], [ 3.077245926658236, 6.492390583158908 ], [ 3.072255453726257, 6.497199016221657 ], [ 3.059849030008763, 6.501767656752008 ], [ 3.045922287083954, 6.501010453669551 ], [ 3.035757859737487, 6.501877160003005 ], [ 3.034673407751598, 6.501857511614901 ], [ 3.031546108865882, 6.501800848930088 ], [ 3.029922674292038, 6.501831585059676 ], [ 3.027814213754993, 6.501798292157503 ], [ 3.020233071898815, 6.501817800251331 ], [ 3.008555049575932, 6.501894722863199 ], [ 2.998772310693653, 6.5018373506133 ], [ 2.991976082730105, 6.501856436025776 ], [ 2.988625399442697, 6.501866806108239 ], [ 2.982437758895514, 6.501885956271906 ], [ 2.973616693855377, 6.501913256091939 ], [ 2.964197702861725, 6.50183608616652 ], [ 2.954158496217701, 6.501846857346663 ], [ 2.953800771988085, 6.502622709670391 ], [ 2.954222813931779, 6.508323113720792 ], [ 2.95401565599775, 6.512688771869364 ], [ 2.950339731993097, 6.514124501744391 ], [ 2.947686287692079, 6.513928927977702 ], [ 2.943217935959012, 6.513629740620104 ], [ 2.937658357647138, 6.513192517220944 ], [ 2.93664736228601, 6.514421673721301 ], [ 2.93511937276088, 6.516271146596182 ], [ 2.933672231388414, 6.514685531212365 ], [ 2.931375225286445, 6.511985397707974 ], [ 2.932638868089327, 6.511273273143104 ], [ 2.933557830429606, 6.511124043240045 ], [ 2.9346836314445, 6.510388917614478 ], [ 2.93503995093306, 6.508596738748565 ], [ 2.933879791319384, 6.508596588561772 ], [ 2.930008764792717, 6.508596066954965 ], [ 2.928584640668703, 6.506964485422714 ], [ 2.926540345860303, 6.504654978744327 ], [ 2.924782363715167, 6.50819321474512 ], [ 2.926481864746336, 6.511858334294743 ], [ 2.9254824409619, 6.512352198794986 ], [ 2.924299247912018, 6.512696681406794 ], [ 2.92292081744182, 6.512776892839383 ], [ 2.918865941609965, 6.512948586907783 ], [ 2.917441807593377, 6.511535257346281 ], [ 2.914248482281664, 6.51152323610853 ], [ 2.909561877678584, 6.511487953006679 ], [ 2.897615622662897, 6.511485673225309 ], [ 2.89201007190735, 6.511495994744394 ] ] ] } }
]
}
